section	metric	var_type	path1	path2	value
raw_vcf	path1_records				4714
raw_vcf	path2_records				4714
raw_vcf	shared_sites				4714
raw_vcf	only_path1				0
raw_vcf	only_path2				0
raw_vcf	filter_or_gt_differs				0
raw_vcf	records_differ				0
raw_vcf	qual_differs				916
raw_vcf	qual_differs_over_1				17
raw_vcf	max_abs_qual_diff				3.2740
filtered_vcf	path1_records				4880
filtered_vcf	path2_records				4880
filtered_vcf	shared_sites				4880
filtered_vcf	only_path1				0
filtered_vcf	only_path2				0
filtered_vcf	filter_or_gt_differs				0
filtered_vcf	records_differ				0
filtered_vcf	qual_differs				956
filtered_vcf	qual_differs_over_1				17
filtered_vcf	max_abs_qual_diff				3.2740
vcfdist	best_f1	SNP	0.999117	0.999117	0.000000
vcfdist	best_precision	SNP	0.999779	0.999779	0.000000
vcfdist	best_recall	SNP	0.998455	0.998455	0.000000
vcfdist	best_fn	SNP	7	7	0.000000
vcfdist	best_fp	SNP	1	1	0.000000
vcfdist	best_f1	INDEL	0.990241	0.990241	0.000000
vcfdist	best_precision	INDEL	0.997199	0.997199	0.000000
vcfdist	best_recall	INDEL	0.983379	0.983379	0.000000
vcfdist	best_fn	INDEL	6	6	0.000000
vcfdist	best_fp	INDEL	1	1	0.000000
vcfdist	best_f1	ALL	0.998465	0.998465	0.000000
vcfdist	best_precision	ALL	0.999590	0.999590	0.000000
vcfdist	best_recall	ALL	0.997343	0.997343	0.000000
vcfdist	best_fn	ALL	13	13	0.000000
vcfdist	best_fp	ALL	2	2	0.000000
vcfdist	default_pass_f1	SNP	0.999117	0.999117	0.000000
vcfdist	default_pass_precision	SNP	0.999779	0.999779	0.000000
vcfdist	default_pass_recall	SNP	0.998455	0.998455	0.000000
vcfdist	default_pass_fn	SNP	7	7	0.000000
vcfdist	default_pass_fp	SNP	1	1	0.000000
vcfdist	default_pass_f1	INDEL	0.990241	0.990241	0.000000
vcfdist	default_pass_precision	INDEL	0.997199	0.997199	0.000000
vcfdist	default_pass_recall	INDEL	0.983379	0.983379	0.000000
vcfdist	default_pass_fn	INDEL	6	6	0.000000
vcfdist	default_pass_fp	INDEL	1	1	0.000000
vcfdist	default_pass_f1	ALL	0.998465	0.998465	0.000000
vcfdist	default_pass_precision	ALL	0.999590	0.999590	0.000000
vcfdist	default_pass_recall	ALL	0.997343	0.997343	0.000000
vcfdist	default_pass_fn	ALL	13	13	0.000000
vcfdist	default_pass_fp	ALL	2	2	0.000000
summary	materially_different				no
