sample	read_model	run	fastq_url	fastq_md5	fastq_bytes
ATCC_10708__202309	hac	SRR28370670	https://ftp.sra.ebi.ac.uk/vol1/fastq/SRR283/070/SRR28370670/SRR28370670_1.fastq.gz	25db5b083ba6c997cbaa86e6ff58a4a5	15088760088
ATCC_17802__202309	hac	SRR28370669	https://ftp.sra.ebi.ac.uk/vol1/fastq/SRR283/069/SRR28370669/SRR28370669_1.fastq.gz	b6836e60da562965b12a9d730f933839	6204444036
ATCC_25922__202309	hac	SRR28370668	https://ftp.sra.ebi.ac.uk/vol1/fastq/SRR283/068/SRR28370668/SRR28370668_1.fastq.gz	a91988d1f5f36b6dbf77769843bc2946	9412164925
ATCC_33560__202309	hac	SRR28370667	https://ftp.sra.ebi.ac.uk/vol1/fastq/SRR283/067/SRR28370667/SRR28370667_1.fastq.gz	73aaaf6fe9525e37ee0251b4bb734646	3437389785
ATCC_35221__202309	hac	SRR28370666	https://ftp.sra.ebi.ac.uk/vol1/fastq/SRR283/066/SRR28370666/SRR28370666_1.fastq.gz	f98c94cb0d1f111a06409c7e7cc6ea2f	2637346980
ATCC_19119__202309	hac	SRR28370665	https://ftp.sra.ebi.ac.uk/vol1/fastq/SRR283/065/SRR28370665/SRR28370665_1.fastq.gz	c42e2d02149c2054697155595de9c0f9	4507215487
ATCC_35897__202309	hac	SRR28370664	https://ftp.sra.ebi.ac.uk/vol1/fastq/SRR283/064/SRR28370664/SRR28370664_1.fastq.gz	f9db0629264405924c566197213c310c	6381364086
ATCC_BAA-679__202309	hac	SRR28370663	https://ftp.sra.ebi.ac.uk/vol1/fastq/SRR283/063/SRR28370663/SRR28370663_1.fastq.gz	735ad613d7de968ff61591f422faa52f	4899391095
BPH2947__202310	hac	SRR28370638	https://ftp.sra.ebi.ac.uk/vol1/fastq/SRR283/038/SRR28370638/SRR28370638_1.fastq.gz	13f53f8edf77d8cb83d78d7c7c439346	686813204
AJ292__202310	hac	SRR28370697	https://ftp.sra.ebi.ac.uk/vol1/fastq/SRR283/097/SRR28370697/SRR28370697_1.fastq.gz	c2f6b7383ce6ca5266f31ce5f4531af0	579007802
KPC2__202310	hac	SRR28370696	https://ftp.sra.ebi.ac.uk/vol1/fastq/SRR283/096/SRR28370696/SRR28370696_1.fastq.gz	683d8693898f3f23fae8c393423c9675	422414004
RDH275__202311	hac	SRR28370695	https://ftp.sra.ebi.ac.uk/vol1/fastq/SRR283/095/SRR28370695/SRR28370695_1.fastq.gz	d4bd44b4de0b8be7ff29693861006fe0	2857642862
MMC234__202311	hac	SRR28370692	https://ftp.sra.ebi.ac.uk/vol1/fastq/SRR283/092/SRR28370692/SRR28370692_1.fastq.gz	a881440878e9fcd41418b9a3ebb09731	963590978
AMtb_1__202402	hac	SRR28370691	https://ftp.sra.ebi.ac.uk/vol1/fastq/SRR283/091/SRR28370691/SRR28370691_1.fastq.gz	0923a91ff44713c149cd75da6c85b512	718176165
ATCC_10708__202309	sup	SRR27638402	https://ftp.sra.ebi.ac.uk/vol1/fastq/SRR276/002/SRR27638402/SRR27638402_1.fastq.gz	895c272b3e2923e023c585291da951db	14601679073
ATCC_17802__202309	sup	SRR27638400	https://ftp.sra.ebi.ac.uk/vol1/fastq/SRR276/000/SRR27638400/SRR27638400_1.fastq.gz	b702cd39a9b2a330676b52b43874b2b6	6002239188
ATCC_25922__202309	sup	SRR27638398	https://ftp.sra.ebi.ac.uk/vol1/fastq/SRR276/098/SRR27638398/SRR27638398_1.fastq.gz	cb6a583bca732e04cff76fb5bb22ad3d	9221613607
ATCC_33560__202309	sup	SRR27638397	https://ftp.sra.ebi.ac.uk/vol1/fastq/SRR276/097/SRR27638397/SRR27638397_1.fastq.gz	4089945a8787f46a484225b9c07bc2c4	3279344601
ATCC_35221__202309	sup	SRR27638396	https://ftp.sra.ebi.ac.uk/vol1/fastq/SRR276/096/SRR27638396/SRR27638396_1.fastq.gz	8bbd58a2a79148efdf3c7492e6a3feaa	2541608969
ATCC_19119__202309	sup	SRR27638399	https://ftp.sra.ebi.ac.uk/vol1/fastq/SRR276/099/SRR27638399/SRR27638399_1.fastq.gz	5dc8ba6c1d92366cafe369ebebef6239	4332801286
ATCC_35897__202309	sup	SRR27638395	https://ftp.sra.ebi.ac.uk/vol1/fastq/SRR276/095/SRR27638395/SRR27638395_1.fastq.gz	39e7502e1959cc48c8a29d8997212638	6239367274
ATCC_BAA-679__202309	sup	SRR27638394	https://ftp.sra.ebi.ac.uk/vol1/fastq/SRR276/094/SRR27638394/SRR27638394_1.fastq.gz	cd54c2fa1123a37b0bd12754f03c002f	4776293976
BPH2947__202310	sup	SRR28370694	https://ftp.sra.ebi.ac.uk/vol1/fastq/SRR283/094/SRR28370694/SRR28370694_1.fastq.gz	39c2a8e94a084a86a81c49cdc1c557db	644385887
AJ292__202310	sup	SRR28370693	https://ftp.sra.ebi.ac.uk/vol1/fastq/SRR283/093/SRR28370693/SRR28370693_1.fastq.gz	c22c9553a6bdc0d99f7856bc500ef329	550875227
KPC2__202310	sup	SRR28370682	https://ftp.sra.ebi.ac.uk/vol1/fastq/SRR283/082/SRR28370682/SRR28370682_1.fastq.gz	240f32ddfe55bc5f45fdf24c25d45d79	406247658
RDH275__202311	sup	SRR28370671	https://ftp.sra.ebi.ac.uk/vol1/fastq/SRR283/071/SRR28370671/SRR28370671_1.fastq.gz	be66c93f6d27a76630894a4835c05448	2717276156
MMC234__202311	sup	SRR28370660	https://ftp.sra.ebi.ac.uk/vol1/fastq/SRR283/060/SRR28370660/SRR28370660_1.fastq.gz	540d5e8c75d0e950d29ed10d95509f51	917231673
AMtb_1__202402	sup	SRR28370649	https://ftp.sra.ebi.ac.uk/vol1/fastq/SRR283/049/SRR28370649/SRR28370649_1.fastq.gz	99287c64fc51b46c5f3f1f1ea557c347	690741615
