arm	calls	af_threshold	read_model	depth	var_type	scoring_mode	n_samples	median_f1	min_f1	max_f1	truth_fn	query_fp	median_f1_diff_vs_main	n_better	n_tied	n_worse	n_best	median_loss_vs_best_threshold	gap_to_reference_closed
A	main		hac	5	ALL	default_pass	14	0.986665	0.970209	0.992135	5113	506							
A	af_filter	0.50	hac	5	ALL	default_pass	14	0.988244	0.880817	0.993854	1192	4823	0.000222	8	0	6	0	0.003743	
A	af_filter	0.55	hac	5	ALL	default_pass	14	0.989377	0.899859	0.993882	1239	4067	0.000702	8	0	6	0	0.002681	
A	af_filter	0.60	hac	5	ALL	default_pass	14	0.989377	0.899859	0.993882	1239	4067	0.000702	8	0	6	0	0.002681	
A	af_filter	0.65	hac	5	ALL	default_pass	14	0.992551	0.973246	0.995383	2364	829	0.004335	14	0	0	6	0.000018	
A	af_filter	0.70	hac	5	ALL	default_pass	14	0.992567	0.973673	0.995383	2379	794	0.004348	14	0	0	11	0.000000	
A	af_filter	0.75	hac	5	ALL	default_pass	14	0.992567	0.973673	0.995383	2379	794	0.004348	14	0	0	11	0.000000	
A	af_filter	0.80	hac	5	ALL	default_pass	14	0.992417	0.973413	0.995274	2530	747	0.004157	14	0	0	1	0.000200	
C	main		hac	5	ALL	default_pass	14	0.986924	0.970438	0.992164	5090	509							
C	af_filter	0.50	hac	5	ALL	default_pass	14	0.988233	0.880817	0.993854	1195	4818	0.000222	8	0	6	0	0.003754	
C	af_filter	0.55	hac	5	ALL	default_pass	14	0.989367	0.899859	0.993882	1242	4073	0.000702	8	0	6	0	0.002681	
C	af_filter	0.60	hac	5	ALL	default_pass	14	0.989367	0.899859	0.993882	1242	4073	0.000702	8	0	6	0	0.002681	
C	af_filter	0.65	hac	5	ALL	default_pass	14	0.992551	0.973471	0.995438	2364	835	0.004334	14	0	0	5	0.000028	
C	af_filter	0.70	hac	5	ALL	default_pass	14	0.992623	0.973898	0.995438	2374	799	0.004348	14	0	0	12	0.000000	
C	af_filter	0.75	hac	5	ALL	default_pass	14	0.992623	0.973898	0.995438	2374	799	0.004348	14	0	0	12	0.000000	
C	af_filter	0.80	hac	5	ALL	default_pass	14	0.992474	0.973638	0.995329	2527	751	0.004130	14	0	0	1	0.000200	
D	main		hac	5	ALL	default_pass	14	0.965823	0.741674	0.986191	1265	15678							
A	main		hac	10	ALL	default_pass	14	0.993978	0.973571	0.998013	2810	140							
A	af_filter	0.50	hac	10	ALL	default_pass	14	0.996279	0.974194	0.998755	360	1456	0.000884	9	0	5	0	0.001980	0.961957
A	af_filter	0.55	hac	10	ALL	default_pass	14	0.997511	0.991449	0.999079	447	540	0.002276	12	0	2	2	0.000286	1.477007
A	af_filter	0.60	hac	10	ALL	default_pass	14	0.997524	0.992752	0.999079	458	499	0.002321	12	0	2	4	0.000283	1.482441
A	af_filter	0.65	hac	10	ALL	default_pass	14	0.997915	0.994057	0.999025	600	225	0.002973	13	0	1	9	0.000000	1.645903
A	af_filter	0.70	hac	10	ALL	default_pass	14	0.997437	0.992124	0.998810	913	152	0.002080	14	0	0	1	0.000436	1.445652
A	af_filter	0.75	hac	10	ALL	default_pass	14	0.997408	0.992093	0.998819	916	151	0.002052	14	0	0	1	0.000464	1.433946
A	af_filter	0.80	hac	10	ALL	default_pass	14	0.997408	0.990889	0.998810	982	150	0.002052	14	0	0	0	0.000464	1.433946
C	main		hac	10	ALL	default_pass	14	0.994120	0.973603	0.998056	2790	136							
C	af_filter	0.50	hac	10	ALL	default_pass	14	0.996279	0.974194	0.998700	360	1450	0.000902	9	0	5	0	0.001976	0.959565
C	af_filter	0.55	hac	10	ALL	default_pass	14	0.997511	0.991670	0.999025	446	536	0.002121	12	0	2	2	0.000283	1.506998
C	af_filter	0.60	hac	10	ALL	default_pass	14	0.997524	0.992973	0.999025	457	496	0.002179	12	0	2	4	0.000283	1.512775
C	af_filter	0.65	hac	10	ALL	default_pass	14	0.997920	0.994278	0.999006	601	222	0.002831	13	0	1	9	0.000000	1.688736
C	af_filter	0.70	hac	10	ALL	default_pass	14	0.997445	0.992093	0.998845	914	148	0.001938	14	0	0	1	0.000423	1.477227
C	af_filter	0.75	hac	10	ALL	default_pass	14	0.997445	0.992093	0.998853	914	147	0.001938	14	0	0	1	0.000423	1.477227
C	af_filter	0.80	hac	10	ALL	default_pass	14	0.997445	0.990889	0.998845	980	146	0.001938	14	0	0	0	0.000423	1.477227
D	main		hac	10	ALL	default_pass	14	0.996371	0.972529	0.998258	434	1296							
A	main		hac	25	ALL	default_pass	14	0.999091	0.989574	0.999538	428	45							
A	af_filter	0.50	hac	25	ALL	default_pass	14	0.999202	0.996137	0.999783	174	187	0.000094	8	1	5	3	0.000127	
A	af_filter	0.55	hac	25	ALL	default_pass	14	0.999229	0.997363	0.999826	194	104	0.000138	8	2	4	6	0.000042	
A	af_filter	0.60	hac	25	ALL	default_pass	14	0.999267	0.997142	0.999848	211	65	0.000127	9	3	2	6	0.000021	
A	af_filter	0.65	hac	25	ALL	default_pass	14	0.999242	0.996922	0.999718	239	49	0.000071	9	4	1	5	0.000055	
A	af_filter	0.70	hac	25	ALL	default_pass	14	0.999242	0.996922	0.999674	258	47	0.000056	10	4	0	5	0.000041	
A	af_filter	0.75	hac	25	ALL	default_pass	14	0.999189	0.996922	0.999588	285	45	0.000053	10	4	0	5	0.000074	
A	af_filter	0.80	hac	25	ALL	default_pass	14	0.999163	0.992797	0.999538	348	45	0.000038	9	5	0	5	0.000112	
C	main		hac	25	ALL	default_pass	14	0.999091	0.989365	0.999564	425	44							
C	af_filter	0.50	hac	25	ALL	default_pass	14	0.999202	0.996061	0.999783	171	186	0.000094	8	1	5	3	0.000127	
C	af_filter	0.55	hac	25	ALL	default_pass	14	0.999229	0.997583	0.999826	191	103	0.000138	8	2	4	6	0.000042	
C	af_filter	0.60	hac	25	ALL	default_pass	14	0.999267	0.997363	0.999848	209	64	0.000127	9	3	2	6	0.000020	
C	af_filter	0.65	hac	25	ALL	default_pass	14	0.999242	0.997142	0.999718	237	48	0.000071	9	4	1	5	0.000055	
C	af_filter	0.70	hac	25	ALL	default_pass	14	0.999242	0.997142	0.999674	256	46	0.000056	10	4	0	5	0.000041	
C	af_filter	0.75	hac	25	ALL	default_pass	14	0.999189	0.997131	0.999609	281	44	0.000053	10	4	0	5	0.000074	
C	af_filter	0.80	hac	25	ALL	default_pass	14	0.999163	0.992797	0.999564	345	44	0.000038	9	5	0	5	0.000112	
D	main		hac	25	ALL	default_pass	14	0.998919	0.994504	0.999470	255	197							
A	main		hac	50	ALL	default_pass	14	0.999588	0.995689	0.999938	165	26							
A	af_filter	0.50	hac	50	ALL	default_pass	14	0.999646	0.997802	0.999938	94	76	0.000000	6	3	5	8	0.000000	
A	af_filter	0.55	hac	50	ALL	default_pass	14	0.999617	0.998683	1.000000	103	36	0.000059	9	3	2	9	0.000000	
A	af_filter	0.60	hac	50	ALL	default_pass	14	0.999602	0.998683	1.000000	111	28	0.000041	8	5	1	8	0.000000	
A	af_filter	0.65	hac	50	ALL	default_pass	14	0.999602	0.998463	1.000000	119	26	0.000000	6	8	0	6	0.000032	
A	af_filter	0.70	hac	50	ALL	default_pass	14	0.999602	0.998463	0.999938	130	26	0.000000	5	9	0	4	0.000055	
A	af_filter	0.75	hac	50	ALL	default_pass	14	0.999602	0.997952	0.999938	139	26	0.000000	4	10	0	4	0.000055	
A	af_filter	0.80	hac	50	ALL	default_pass	14	0.999588	0.996410	0.999938	158	26	0.000000	1	13	0	4	0.000061	
C	main		hac	50	ALL	default_pass	14	0.999588	0.994863	0.999938	173	25							
C	af_filter	0.50	hac	50	ALL	default_pass	14	0.999646	0.997802	0.999938	95	75	0.000000	6	3	5	8	0.000000	
C	af_filter	0.55	hac	50	ALL	default_pass	14	0.999617	0.998862	1.000000	105	35	0.000059	9	3	2	8	0.000000	
C	af_filter	0.60	hac	50	ALL	default_pass	14	0.999602	0.998903	1.000000	111	27	0.000041	8	5	1	8	0.000000	
C	af_filter	0.65	hac	50	ALL	default_pass	14	0.999602	0.998683	1.000000	123	25	0.000000	6	8	0	6	0.000032	
C	af_filter	0.70	hac	50	ALL	default_pass	14	0.999602	0.998465	0.999938	133	25	0.000000	5	9	0	4	0.000055	
C	af_filter	0.75	hac	50	ALL	default_pass	14	0.999602	0.997233	0.999938	146	25	0.000000	4	10	0	4	0.000055	
C	af_filter	0.80	hac	50	ALL	default_pass	14	0.999588	0.995895	0.999938	163	25	0.000000	1	13	0	4	0.000061	
D	main		hac	50	ALL	default_pass	14	0.999179	0.994937	0.999814	230	105							
A	main		hac	5	ALL	sweep_best	14	0.987274	0.970680	0.992371	4953	525							
A	af_filter	0.50	hac	5	ALL	sweep_best	14	0.988445	0.881943	0.994028	1285	4601	0.000094	7	0	7	0	0.003808	
A	af_filter	0.55	hac	5	ALL	sweep_best	14	0.989615	0.900732	0.994059	1317	3873	0.000576	8	0	6	0	0.002885	
A	af_filter	0.60	hac	5	ALL	sweep_best	14	0.989615	0.900732	0.994059	1317	3873	0.000576	8	0	6	0	0.002885	
A	af_filter	0.65	hac	5	ALL	sweep_best	14	0.993137	0.973719	0.995716	2159	882	0.004335	14	0	0	5	0.000028	
A	af_filter	0.70	hac	5	ALL	sweep_best	14	0.993148	0.974145	0.995724	2174	845	0.004372	14	0	0	11	0.000000	
A	af_filter	0.75	hac	5	ALL	sweep_best	14	0.993148	0.974145	0.995724	2174	845	0.004372	14	0	0	11	0.000000	
A	af_filter	0.80	hac	5	ALL	sweep_best	14	0.992973	0.973886	0.995551	2326	798	0.004181	14	0	0	1	0.000200	
C	main		hac	5	ALL	sweep_best	14	0.987533	0.970908	0.992400	4931	528							
C	af_filter	0.50	hac	5	ALL	sweep_best	14	0.988434	0.881943	0.994028	1274	4610	0.000094	7	0	7	0	0.003819	
C	af_filter	0.55	hac	5	ALL	sweep_best	14	0.989604	0.900732	0.994059	1306	3894	0.000576	8	0	6	0	0.002885	
C	af_filter	0.60	hac	5	ALL	sweep_best	14	0.989604	0.900732	0.994059	1306	3894	0.000576	8	0	6	0	0.002885	
C	af_filter	0.65	hac	5	ALL	sweep_best	14	0.993137	0.973944	0.995715	2159	888	0.004349	14	0	0	4	0.000039	
C	af_filter	0.70	hac	5	ALL	sweep_best	14	0.993205	0.974370	0.995724	2169	850	0.004385	14	0	0	12	0.000000	
C	af_filter	0.75	hac	5	ALL	sweep_best	14	0.993205	0.974370	0.995724	2169	850	0.004385	14	0	0	12	0.000000	
C	af_filter	0.80	hac	5	ALL	sweep_best	14	0.993003	0.974111	0.995606	2323	802	0.004168	14	0	0	1	0.000200	
D	main		hac	5	ALL	sweep_best	14	0.986183	0.949198	0.992180	3740	1865							
A	main		hac	10	ALL	sweep_best	14	0.994243	0.973702	0.998185	2732	157							
A	af_filter	0.50	hac	10	ALL	sweep_best	14	0.996293	0.974060	0.998700	356	1416	0.000823	9	0	5	0	0.002053	0.638729
A	af_filter	0.55	hac	10	ALL	sweep_best	14	0.997642	0.991228	0.999133	401	533	0.002229	11	0	3	1	0.000383	1.059043
A	af_filter	0.60	hac	10	ALL	sweep_best	14	0.997655	0.992531	0.999133	412	492	0.002229	12	0	2	3	0.000383	1.063094
A	af_filter	0.65	hac	10	ALL	sweep_best	14	0.998141	0.994067	0.999192	525	238	0.002860	13	0	1	10	0.000000	1.214519
A	af_filter	0.70	hac	10	ALL	sweep_best	14	0.997659	0.992251	0.999007	842	158	0.002079	14	0	0	2	0.000435	1.064184
A	af_filter	0.75	hac	10	ALL	sweep_best	14	0.997630	0.992219	0.999016	845	158	0.002050	14	0	0	1	0.000464	1.055305
A	af_filter	0.80	hac	10	ALL	sweep_best	14	0.997630	0.991016	0.999007	911	157	0.002050	14	0	0	0	0.000464	1.055305
C	main		hac	10	ALL	sweep_best	14	0.994385	0.973735	0.998142	2717	158							
C	af_filter	0.50	hac	10	ALL	sweep_best	14	0.996293	0.974281	0.998646	369	1404	0.000811	9	0	5	0	0.002028	0.622066
C	af_filter	0.55	hac	10	ALL	sweep_best	14	0.997642	0.991449	0.999079	412	526	0.002058	12	0	2	1	0.000383	1.061767
C	af_filter	0.60	hac	10	ALL	sweep_best	14	0.997655	0.992752	0.999079	423	486	0.002058	12	0	2	3	0.000383	1.066004
C	af_filter	0.65	hac	10	ALL	sweep_best	14	0.998141	0.994062	0.999130	531	241	0.002720	13	0	1	10	0.000000	1.224413
C	af_filter	0.70	hac	10	ALL	sweep_best	14	0.997672	0.992219	0.998956	848	160	0.001937	14	0	0	2	0.000422	1.071382
C	af_filter	0.75	hac	10	ALL	sweep_best	14	0.997672	0.992219	0.998965	848	159	0.001937	14	0	0	2	0.000422	1.071382
C	af_filter	0.80	hac	10	ALL	sweep_best	14	0.997672	0.991016	0.998956	914	158	0.001937	14	0	0	1	0.000422	1.071382
D	main		hac	10	ALL	sweep_best	14	0.997453	0.982991	0.998837	778	370							
A	main		hac	25	ALL	sweep_best	14	0.999192	0.989782	0.999692	388	39							
A	af_filter	0.50	hac	25	ALL	sweep_best	14	0.999313	0.996214	0.999761	127	181	0.000080	8	1	5	3	0.000110	
A	af_filter	0.55	hac	25	ALL	sweep_best	14	0.999352	0.997804	0.999805	150	96	0.000138	8	2	4	6	0.000042	
A	af_filter	0.60	hac	25	ALL	sweep_best	14	0.999391	0.997364	0.999826	169	59	0.000126	9	3	2	5	0.000021	
A	af_filter	0.65	hac	25	ALL	sweep_best	14	0.999365	0.996923	0.999735	199	43	0.000070	9	4	1	4	0.000055	
A	af_filter	0.70	hac	25	ALL	sweep_best	14	0.999365	0.996923	0.999718	218	41	0.000056	10	4	0	4	0.000041	
A	af_filter	0.75	hac	25	ALL	sweep_best	14	0.999313	0.996923	0.999692	245	39	0.000053	10	4	0	5	0.000075	
A	af_filter	0.80	hac	25	ALL	sweep_best	14	0.999300	0.993004	0.999692	308	39	0.000038	9	5	0	5	0.000112	
C	main		hac	25	ALL	sweep_best	14	0.999192	0.989574	0.999675	390	38							
C	af_filter	0.50	hac	25	ALL	sweep_best	14	0.999313	0.996138	0.999761	130	180	0.000080	8	1	5	3	0.000110	
C	af_filter	0.55	hac	25	ALL	sweep_best	14	0.999352	0.997804	0.999805	153	95	0.000138	8	2	4	6	0.000042	
C	af_filter	0.60	hac	25	ALL	sweep_best	14	0.999391	0.997584	0.999826	172	58	0.000126	9	3	2	5	0.000021	
C	af_filter	0.65	hac	25	ALL	sweep_best	14	0.999365	0.997143	0.999718	202	42	0.000070	9	4	1	4	0.000055	
C	af_filter	0.70	hac	25	ALL	sweep_best	14	0.999365	0.997143	0.999701	221	40	0.000056	10	4	0	4	0.000041	
C	af_filter	0.75	hac	25	ALL	sweep_best	14	0.999313	0.997143	0.999675	246	38	0.000053	10	4	0	5	0.000075	
C	af_filter	0.80	hac	25	ALL	sweep_best	14	0.999300	0.993004	0.999675	310	38	0.000038	9	5	0	5	0.000112	
D	main		hac	25	ALL	sweep_best	14	0.999081	0.996046	0.999565	277	111							
A	main		hac	50	ALL	sweep_best	14	0.999602	0.995689	0.999938	140	21							
A	af_filter	0.50	hac	50	ALL	sweep_best	14	0.999658	0.997878	0.999938	69	72	0.000000	6	3	5	7	0.000011	
A	af_filter	0.55	hac	50	ALL	sweep_best	14	0.999660	0.998938	1.000000	78	31	0.000059	9	3	2	9	0.000000	
A	af_filter	0.60	hac	50	ALL	sweep_best	14	0.999645	0.999122	1.000000	86	23	0.000040	8	5	1	8	0.000000	
A	af_filter	0.65	hac	50	ALL	sweep_best	14	0.999616	0.998903	1.000000	94	21	0.000000	6	8	0	6	0.000032	
A	af_filter	0.70	hac	50	ALL	sweep_best	14	0.999616	0.998772	0.999938	105	21	0.000000	5	9	0	4	0.000055	
A	af_filter	0.75	hac	50	ALL	sweep_best	14	0.999616	0.997952	0.999938	114	21	0.000000	4	10	0	4	0.000055	
A	af_filter	0.80	hac	50	ALL	sweep_best	14	0.999602	0.996410	0.999938	133	21	0.000000	1	13	0	4	0.000061	
C	main		hac	50	ALL	sweep_best	14	0.999602	0.994863	0.999938	148	21							
C	af_filter	0.50	hac	50	ALL	sweep_best	14	0.999658	0.997878	0.999938	70	72	0.000000	6	3	5	7	0.000011	
C	af_filter	0.55	hac	50	ALL	sweep_best	14	0.999660	0.998938	1.000000	80	31	0.000059	9	3	2	8	0.000000	
C	af_filter	0.60	hac	50	ALL	sweep_best	14	0.999645	0.999122	1.000000	86	23	0.000040	8	5	1	8	0.000000	
C	af_filter	0.65	hac	50	ALL	sweep_best	14	0.999616	0.998903	1.000000	98	21	0.000000	6	8	0	6	0.000032	
C	af_filter	0.70	hac	50	ALL	sweep_best	14	0.999616	0.998465	0.999938	108	21	0.000000	5	9	0	4	0.000055	
C	af_filter	0.75	hac	50	ALL	sweep_best	14	0.999616	0.997233	0.999938	121	21	0.000000	4	10	0	4	0.000055	
C	af_filter	0.80	hac	50	ALL	sweep_best	14	0.999602	0.995895	0.999938	138	21	0.000000	1	13	0	4	0.000061	
D	main		hac	50	ALL	sweep_best	14	0.999193	0.995156	0.999938	216	86							
A	main		hac	5	INDEL	default_pass	14	0.883960	0.762977	0.926236	623	133							
A	af_filter	0.50	hac	5	INDEL	default_pass	14	0.822989	0.627319	0.885263	534	670	-0.065155	0	0	14	0	0.066427	
A	af_filter	0.55	hac	5	INDEL	default_pass	14	0.825604	0.641695	0.885263	535	647	-0.062796	0	0	14	0	0.063564	
A	af_filter	0.60	hac	5	INDEL	default_pass	14	0.825604	0.641695	0.885263	535	647	-0.062796	0	0	14	0	0.063564	
A	af_filter	0.65	hac	5	INDEL	default_pass	14	0.888176	0.752807	0.926883	591	178	0.000284	7	1	6	11	0.000000	
A	af_filter	0.70	hac	5	INDEL	default_pass	14	0.888176	0.752807	0.926883	591	177	0.000284	7	1	6	12	0.000000	
A	af_filter	0.75	hac	5	INDEL	default_pass	14	0.888176	0.752807	0.926883	591	177	0.000284	7	1	6	12	0.000000	
A	af_filter	0.80	hac	5	INDEL	default_pass	14	0.886076	0.752807	0.928210	593	173	-0.000450	6	1	7	12	0.000000	
C	main		hac	5	INDEL	default_pass	14	0.883960	0.766888	0.926236	622	133							
C	af_filter	0.50	hac	5	INDEL	default_pass	14	0.822989	0.629199	0.885263	534	671	-0.065155	0	0	14	0	0.066427	
C	af_filter	0.55	hac	5	INDEL	default_pass	14	0.825604	0.645181	0.885263	535	647	-0.062796	0	0	14	0	0.063564	
C	af_filter	0.60	hac	5	INDEL	default_pass	14	0.825604	0.645181	0.885263	535	647	-0.062796	0	0	14	0	0.063564	
C	af_filter	0.65	hac	5	INDEL	default_pass	14	0.888176	0.756665	0.926883	591	178	-0.000450	6	1	7	11	0.000000	
C	af_filter	0.70	hac	5	INDEL	default_pass	14	0.888176	0.756665	0.926883	591	177	-0.000450	6	1	7	12	0.000000	
C	af_filter	0.75	hac	5	INDEL	default_pass	14	0.888176	0.756665	0.926883	591	177	-0.000450	6	1	7	12	0.000000	
C	af_filter	0.80	hac	5	INDEL	default_pass	14	0.886076	0.756665	0.928210	592	173	-0.000450	6	1	7	13	0.000000	
D	main		hac	5	INDEL	default_pass	14	0.419375	0.110787	0.657031	326	9540							
A	main		hac	10	INDEL	default_pass	14	0.949040	0.912548	0.963934	299	59							
A	af_filter	0.50	hac	10	INDEL	default_pass	14	0.930258	0.849455	0.956885	224	289	-0.018253	0	0	14	0	0.020580	
A	af_filter	0.55	hac	10	INDEL	default_pass	14	0.945547	0.895465	0.961039	259	122	-0.001483	5	0	9	2	0.003256	
A	af_filter	0.60	hac	10	INDEL	default_pass	14	0.945547	0.898128	0.961039	260	118	-0.001981	5	0	9	2	0.003285	
A	af_filter	0.65	hac	10	INDEL	default_pass	14	0.953214	0.907372	0.964169	278	68	0.001568	9	3	2	10	0.000000	
A	af_filter	0.70	hac	10	INDEL	default_pass	14	0.949413	0.912548	0.963934	292	59	0.000000	5	9	0	7	0.000118	
A	af_filter	0.75	hac	10	INDEL	default_pass	14	0.949413	0.912548	0.963934	293	59	0.000000	4	10	0	7	0.000118	
A	af_filter	0.80	hac	10	INDEL	default_pass	14	0.949413	0.912548	0.963934	293	59	0.000000	4	10	0	7	0.000118	
C	main		hac	10	INDEL	default_pass	14	0.950566	0.912548	0.963934	298	57							
C	af_filter	0.50	hac	10	INDEL	default_pass	14	0.930258	0.849455	0.956885	224	287	-0.018253	0	0	14	0	0.020580	
C	af_filter	0.55	hac	10	INDEL	default_pass	14	0.947071	0.895465	0.964401	258	120	-0.000672	6	0	8	3	0.003256	
C	af_filter	0.60	hac	10	INDEL	default_pass	14	0.947071	0.898128	0.964401	259	116	-0.001358	6	0	8	3	0.003285	
C	af_filter	0.65	hac	10	INDEL	default_pass	14	0.953396	0.907372	0.964169	278	66	0.001025	9	3	2	9	0.000000	
C	af_filter	0.70	hac	10	INDEL	default_pass	14	0.950939	0.912548	0.963934	292	57	0.000000	4	10	0	7	0.000233	
C	af_filter	0.75	hac	10	INDEL	default_pass	14	0.950939	0.912548	0.963934	292	57	0.000000	4	10	0	7	0.000233	
C	af_filter	0.80	hac	10	INDEL	default_pass	14	0.950939	0.912548	0.963934	292	57	0.000000	4	10	0	7	0.000233	
D	main		hac	10	INDEL	default_pass	14	0.872186	0.576917	0.946254	189	931							
A	main		hac	25	INDEL	default_pass	14	0.974527	0.963197	0.990241	131	33							
A	af_filter	0.50	hac	25	INDEL	default_pass	14	0.973347	0.954863	0.986471	116	55	0.000000	5	4	5	8	0.000000	
A	af_filter	0.55	hac	25	INDEL	default_pass	14	0.976064	0.964148	0.988900	122	39	0.000000	4	8	2	8	0.000000	
A	af_filter	0.60	hac	25	INDEL	default_pass	14	0.976064	0.965318	0.988900	125	36	0.000000	4	9	1	7	0.000107	
A	af_filter	0.65	hac	25	INDEL	default_pass	14	0.974527	0.963197	0.990272	130	34	0.000000	1	13	0	7	0.000217	
A	af_filter	0.70	hac	25	INDEL	default_pass	14	0.974527	0.963197	0.988866	131	34	0.000000	0	13	1	6	0.000658	
A	af_filter	0.75	hac	25	INDEL	default_pass	14	0.974527	0.963197	0.990241	131	33	0.000000	0	14	0	6	0.000232	
A	af_filter	0.80	hac	25	INDEL	default_pass	14	0.974527	0.963197	0.990241	131	33	0.000000	0	14	0	6	0.000232	
C	main		hac	25	INDEL	default_pass	14	0.974527	0.961013	0.990241	130	33							
C	af_filter	0.50	hac	25	INDEL	default_pass	14	0.973952	0.954863	0.986471	114	55	0.000000	5	4	5	8	0.000000	
C	af_filter	0.55	hac	25	INDEL	default_pass	14	0.976923	0.964148	0.988900	120	39	0.000000	5	7	2	8	0.000000	
C	af_filter	0.60	hac	25	INDEL	default_pass	14	0.976332	0.965768	0.988900	124	36	0.000000	4	9	1	7	0.000107	
C	af_filter	0.65	hac	25	INDEL	default_pass	14	0.974527	0.961013	0.990272	129	34	0.000000	1	13	0	7	0.000217	
C	af_filter	0.70	hac	25	INDEL	default_pass	14	0.974527	0.961013	0.988866	130	34	0.000000	0	13	1	6	0.000920	
C	af_filter	0.75	hac	25	INDEL	default_pass	14	0.974527	0.961013	0.990241	130	33	0.000000	0	14	0	6	0.000232	
C	af_filter	0.80	hac	25	INDEL	default_pass	14	0.974527	0.961013	0.990241	130	33	0.000000	0	14	0	6	0.000232	
D	main		hac	25	INDEL	default_pass	14	0.966651	0.870570	0.981060	120	153							
A	main		hac	50	INDEL	default_pass	14	0.987204	0.973298	1.000000	60	22							
A	af_filter	0.50	hac	50	INDEL	default_pass	14	0.988785	0.972491	1.000000	54	26	0.000000	5	6	3	10	0.000000	
A	af_filter	0.55	hac	50	INDEL	default_pass	14	0.988785	0.973298	1.000000	56	23	0.000000	4	9	1	11	0.000000	
A	af_filter	0.60	hac	50	INDEL	default_pass	14	0.987204	0.973298	1.000000	59	23	0.000000	1	12	1	8	0.000000	
A	af_filter	0.65	hac	50	INDEL	default_pass	14	0.987204	0.973298	1.000000	60	22	0.000000	0	14	0	8	0.000000	
A	af_filter	0.70	hac	50	INDEL	default_pass	14	0.987204	0.973298	1.000000	60	22	0.000000	0	14	0	8	0.000000	
A	af_filter	0.75	hac	50	INDEL	default_pass	14	0.987204	0.973298	1.000000	60	22	0.000000	0	14	0	8	0.000000	
A	af_filter	0.80	hac	50	INDEL	default_pass	14	0.987204	0.973298	1.000000	60	22	0.000000	0	14	0	8	0.000000	
C	main		hac	50	INDEL	default_pass	14	0.987204	0.973298	1.000000	60	21							
C	af_filter	0.50	hac	50	INDEL	default_pass	14	0.988785	0.972491	1.000000	54	25	0.000000	5	6	3	10	0.000000	
C	af_filter	0.55	hac	50	INDEL	default_pass	14	0.988785	0.973298	1.000000	56	22	0.000000	4	9	1	11	0.000000	
C	af_filter	0.60	hac	50	INDEL	default_pass	14	0.987204	0.973298	1.000000	59	22	0.000000	1	12	1	8	0.000000	
C	af_filter	0.65	hac	50	INDEL	default_pass	14	0.987204	0.973298	1.000000	60	21	0.000000	0	14	0	8	0.000000	
C	af_filter	0.70	hac	50	INDEL	default_pass	14	0.987204	0.973298	1.000000	60	21	0.000000	0	14	0	8	0.000000	
C	af_filter	0.75	hac	50	INDEL	default_pass	14	0.987204	0.973298	1.000000	60	21	0.000000	0	14	0	8	0.000000	
C	af_filter	0.80	hac	50	INDEL	default_pass	14	0.987204	0.973298	1.000000	60	21	0.000000	0	14	0	8	0.000000	
D	main		hac	50	INDEL	default_pass	14	0.972785	0.932153	0.993631	118	83							
A	main		hac	5	INDEL	sweep_best	14	0.896232	0.774405	0.936041	483	209							
A	af_filter	0.50	hac	5	INDEL	sweep_best	14	0.826362	0.649766	0.899149	500	639	-0.072174	0	0	14	0	0.071058	
A	af_filter	0.55	hac	5	INDEL	sweep_best	14	0.830402	0.661068	0.900104	488	637	-0.068831	0	0	14	0	0.067715	
A	af_filter	0.60	hac	5	INDEL	sweep_best	14	0.830402	0.661068	0.900104	488	637	-0.068831	0	0	14	0	0.067715	
A	af_filter	0.65	hac	5	INDEL	sweep_best	14	0.898298	0.764010	0.936957	458	229	0.001294	8	0	6	11	0.000000	
A	af_filter	0.70	hac	5	INDEL	sweep_best	14	0.898298	0.764010	0.936957	458	227	0.002162	8	0	6	12	0.000000	
A	af_filter	0.75	hac	5	INDEL	sweep_best	14	0.898298	0.764010	0.936957	458	227	0.002162	8	0	6	12	0.000000	
A	af_filter	0.80	hac	5	INDEL	sweep_best	14	0.896378	0.764010	0.938269	461	223	0.002259	8	0	6	11	0.000000	
C	main		hac	5	INDEL	sweep_best	14	0.896232	0.774405	0.936041	483	209							
C	af_filter	0.50	hac	5	INDEL	sweep_best	14	0.826362	0.649766	0.899149	492	651	-0.072174	0	0	14	0	0.071058	
C	af_filter	0.55	hac	5	INDEL	sweep_best	14	0.830402	0.661068	0.900104	480	649	-0.068831	0	0	14	0	0.067715	
C	af_filter	0.60	hac	5	INDEL	sweep_best	14	0.830402	0.661068	0.900104	480	649	-0.068831	0	0	14	0	0.067715	
C	af_filter	0.65	hac	5	INDEL	sweep_best	14	0.898298	0.764010	0.936957	458	229	0.001294	8	0	6	11	0.000000	
C	af_filter	0.70	hac	5	INDEL	sweep_best	14	0.898298	0.764010	0.936957	458	227	0.002162	8	0	6	12	0.000000	
C	af_filter	0.75	hac	5	INDEL	sweep_best	14	0.898298	0.764010	0.936957	458	227	0.002162	8	0	6	12	0.000000	
C	af_filter	0.80	hac	5	INDEL	sweep_best	14	0.896378	0.764010	0.938269	460	223	0.002818	8	0	6	12	0.000000	
D	main		hac	5	INDEL	sweep_best	14	0.795533	0.552712	0.861018	892	503							
A	main		hac	10	INDEL	sweep_best	14	0.954908	0.925116	0.970684	235	72							
A	af_filter	0.50	hac	10	INDEL	sweep_best	14	0.930376	0.849455	0.961963	199	275	-0.020797	0	0	14	0	0.023684	
A	af_filter	0.55	hac	10	INDEL	sweep_best	14	0.948924	0.895465	0.971429	218	121	-0.000009	7	0	7	2	0.003889	
A	af_filter	0.60	hac	10	INDEL	sweep_best	14	0.948924	0.898128	0.971429	214	123	-0.000683	7	0	7	2	0.004391	
A	af_filter	0.65	hac	10	INDEL	sweep_best	14	0.954907	0.919927	0.974522	210	86	0.002614	9	2	3	10	0.000000	
A	af_filter	0.70	hac	10	INDEL	sweep_best	14	0.954908	0.925116	0.970684	226	73	0.000000	6	7	1	5	0.000858	
A	af_filter	0.75	hac	10	INDEL	sweep_best	14	0.954908	0.925116	0.970684	227	73	0.000000	5	8	1	5	0.001074	
A	af_filter	0.80	hac	10	INDEL	sweep_best	14	0.954908	0.925116	0.970684	227	73	0.000000	5	8	1	5	0.001074	
C	main		hac	10	INDEL	sweep_best	14	0.954643	0.925116	0.968068	239	74							
C	af_filter	0.50	hac	10	INDEL	sweep_best	14	0.930376	0.849455	0.960155	221	253	-0.021973	0	0	14	0	0.023065	
C	af_filter	0.55	hac	10	INDEL	sweep_best	14	0.948924	0.895465	0.971429	228	114	-0.000009	7	0	7	3	0.003889	
C	af_filter	0.60	hac	10	INDEL	sweep_best	14	0.948924	0.898128	0.971429	224	116	-0.000683	7	0	7	3	0.004391	
C	af_filter	0.65	hac	10	INDEL	sweep_best	14	0.954907	0.919927	0.971246	215	88	0.001820	9	2	3	9	0.000000	
C	af_filter	0.70	hac	10	INDEL	sweep_best	14	0.954643	0.925116	0.969244	231	75	0.000000	5	8	1	5	0.000858	
C	af_filter	0.75	hac	10	INDEL	sweep_best	14	0.954643	0.925116	0.969244	231	75	0.000000	5	8	1	5	0.000858	
C	af_filter	0.80	hac	10	INDEL	sweep_best	14	0.954643	0.925116	0.969244	231	75	0.000000	5	8	1	5	0.000858	
D	main		hac	10	INDEL	sweep_best	14	0.927114	0.820669	0.967742	339	152							
A	main		hac	25	INDEL	sweep_best	14	0.981289	0.965517	0.993050	101	30							
A	af_filter	0.50	hac	25	INDEL	sweep_best	14	0.980261	0.967559	0.990415	78	55	0.000000	5	3	6	7	0.000603	
A	af_filter	0.55	hac	25	INDEL	sweep_best	14	0.984071	0.969885	0.991701	85	38	0.000128	7	5	2	8	0.000000	
A	af_filter	0.60	hac	25	INDEL	sweep_best	14	0.983079	0.968481	0.991701	93	33	0.000000	6	7	1	7	0.000075	
A	af_filter	0.65	hac	25	INDEL	sweep_best	14	0.981289	0.965517	0.993073	100	31	0.000000	1	13	0	6	0.001138	
A	af_filter	0.70	hac	25	INDEL	sweep_best	14	0.981289	0.965517	0.991674	101	31	0.000000	0	13	1	5	0.001685	
A	af_filter	0.75	hac	25	INDEL	sweep_best	14	0.981289	0.965517	0.993050	101	30	0.000000	0	14	0	5	0.001138	
A	af_filter	0.80	hac	25	INDEL	sweep_best	14	0.981289	0.965517	0.993050	101	30	0.000000	0	14	0	5	0.001138	
C	main		hac	25	INDEL	sweep_best	14	0.981241	0.963594	0.993050	104	29							
C	af_filter	0.50	hac	25	INDEL	sweep_best	14	0.980261	0.967559	0.990415	81	54	0.000000	5	3	6	7	0.000603	
C	af_filter	0.55	hac	25	INDEL	sweep_best	14	0.984071	0.969885	0.991701	88	37	0.000128	7	5	2	8	0.000000	
C	af_filter	0.60	hac	25	INDEL	sweep_best	14	0.983032	0.968304	0.991701	96	32	0.000000	6	7	1	7	0.000075	
C	af_filter	0.65	hac	25	INDEL	sweep_best	14	0.981241	0.963594	0.993073	103	30	0.000000	1	13	0	6	0.001138	
C	af_filter	0.70	hac	25	INDEL	sweep_best	14	0.981241	0.963594	0.991674	104	30	0.000000	0	13	1	5	0.001685	
C	af_filter	0.75	hac	25	INDEL	sweep_best	14	0.981241	0.963594	0.993050	104	29	0.000000	0	14	0	5	0.001138	
C	af_filter	0.80	hac	25	INDEL	sweep_best	14	0.981241	0.963594	0.993050	104	29	0.000000	0	14	0	5	0.001138	
D	main		hac	25	INDEL	sweep_best	14	0.974171	0.909740	0.987179	145	56							
A	main		hac	50	INDEL	sweep_best	14	0.990440	0.977528	1.000000	53	13							
A	af_filter	0.50	hac	50	INDEL	sweep_best	14	0.992631	0.975110	1.000000	47	17	0.000000	5	6	3	10	0.000000	
A	af_filter	0.55	hac	50	INDEL	sweep_best	14	0.992631	0.977744	1.000000	49	14	0.000000	4	9	1	11	0.000000	
A	af_filter	0.60	hac	50	INDEL	sweep_best	14	0.990440	0.977528	1.000000	52	14	0.000000	1	12	1	8	0.000000	
A	af_filter	0.65	hac	50	INDEL	sweep_best	14	0.990440	0.977528	1.000000	53	13	0.000000	0	14	0	8	0.000000	
A	af_filter	0.70	hac	50	INDEL	sweep_best	14	0.990440	0.977528	1.000000	53	13	0.000000	0	14	0	8	0.000000	
A	af_filter	0.75	hac	50	INDEL	sweep_best	14	0.990440	0.977528	1.000000	53	13	0.000000	0	14	0	8	0.000000	
A	af_filter	0.80	hac	50	INDEL	sweep_best	14	0.990440	0.977528	1.000000	53	13	0.000000	0	14	0	8	0.000000	
C	main		hac	50	INDEL	sweep_best	14	0.990440	0.977528	1.000000	53	13							
C	af_filter	0.50	hac	50	INDEL	sweep_best	14	0.992631	0.975110	1.000000	47	17	0.000000	5	6	3	10	0.000000	
C	af_filter	0.55	hac	50	INDEL	sweep_best	14	0.992631	0.977744	1.000000	49	14	0.000000	4	9	1	11	0.000000	
C	af_filter	0.60	hac	50	INDEL	sweep_best	14	0.990440	0.977528	1.000000	52	14	0.000000	1	12	1	8	0.000000	
C	af_filter	0.65	hac	50	INDEL	sweep_best	14	0.990440	0.977528	1.000000	53	13	0.000000	0	14	0	8	0.000000	
C	af_filter	0.70	hac	50	INDEL	sweep_best	14	0.990440	0.977528	1.000000	53	13	0.000000	0	14	0	8	0.000000	
C	af_filter	0.75	hac	50	INDEL	sweep_best	14	0.990440	0.977528	1.000000	53	13	0.000000	0	14	0	8	0.000000	
C	af_filter	0.80	hac	50	INDEL	sweep_best	14	0.990440	0.977528	1.000000	53	13	0.000000	0	14	0	8	0.000000	
D	main		hac	50	INDEL	sweep_best	14	0.977815	0.935294	1.000000	121	42							
A	main		hac	5	SNP	default_pass	14	0.989828	0.972822	0.993565	4490	373							
A	af_filter	0.50	hac	5	SNP	default_pass	14	0.991179	0.890542	0.996160	658	4153	0.000807	9	0	5	0	0.002915	
A	af_filter	0.55	hac	5	SNP	default_pass	14	0.992048	0.911029	0.996690	704	3420	0.001258	10	0	4	1	0.002206	
A	af_filter	0.60	hac	5	SNP	default_pass	14	0.992048	0.911029	0.996690	704	3420	0.001258	10	0	4	1	0.002206	
A	af_filter	0.65	hac	5	SNP	default_pass	14	0.994513	0.982456	0.996914	1773	651	0.004472	14	0	0	5	0.000028	
A	af_filter	0.70	hac	5	SNP	default_pass	14	0.994541	0.982922	0.996914	1788	617	0.004649	14	0	0	11	0.000000	
A	af_filter	0.75	hac	5	SNP	default_pass	14	0.994541	0.982922	0.996914	1788	617	0.004649	14	0	0	11	0.000000	
A	af_filter	0.80	hac	5	SNP	default_pass	14	0.994387	0.982656	0.996859	1937	574	0.004409	14	0	0	1	0.000240	
C	main		hac	5	SNP	default_pass	14	0.989909	0.972822	0.993595	4468	376							
C	af_filter	0.50	hac	5	SNP	default_pass	14	0.991179	0.890542	0.996160	661	4147	0.000807	9	0	5	0	0.002926	
C	af_filter	0.55	hac	5	SNP	default_pass	14	0.992037	0.911029	0.996690	707	3426	0.001258	10	0	4	1	0.002206	
C	af_filter	0.60	hac	5	SNP	default_pass	14	0.992037	0.911029	0.996690	707	3426	0.001258	10	0	4	1	0.002206	
C	af_filter	0.65	hac	5	SNP	default_pass	14	0.994513	0.982697	0.996969	1773	657	0.004486	14	0	0	5	0.000028	
C	af_filter	0.70	hac	5	SNP	default_pass	14	0.994541	0.983163	0.996969	1783	622	0.004661	14	0	0	11	0.000000	
C	af_filter	0.75	hac	5	SNP	default_pass	14	0.994541	0.983163	0.996969	1783	622	0.004661	14	0	0	11	0.000000	
C	af_filter	0.80	hac	5	SNP	default_pass	14	0.994347	0.982898	0.996914	1935	578	0.004381	14	0	0	1	0.000280	
D	main		hac	5	SNP	default_pass	14	0.985532	0.877701	0.993328	939	6138							
A	main		hac	10	SNP	default_pass	14	0.995486	0.974137	0.998435	2511	81							
A	af_filter	0.50	hac	10	SNP	default_pass	14	0.997275	0.980841	0.999615	136	1167	0.001482	9	0	5	0	0.001931	0.524088
A	af_filter	0.55	hac	10	SNP	default_pass	14	0.998743	0.994369	0.999763	188	418	0.002429	12	0	2	2	0.000198	0.953873
A	af_filter	0.60	hac	10	SNP	default_pass	14	0.998783	0.994447	0.999763	198	381	0.002932	12	0	2	4	0.000137	0.965441
A	af_filter	0.65	hac	10	SNP	default_pass	14	0.999089	0.995958	0.999683	322	157	0.003131	13	0	1	9	0.000000	1.055352
A	af_filter	0.70	hac	10	SNP	default_pass	14	0.998576	0.992869	0.999262	621	93	0.002176	14	0	0	2	0.000531	0.904818
A	af_filter	0.75	hac	10	SNP	default_pass	14	0.998576	0.992837	0.999262	623	92	0.002147	14	0	0	2	0.000531	0.904818
A	af_filter	0.80	hac	10	SNP	default_pass	14	0.998499	0.991622	0.999262	689	91	0.002147	14	0	0	1	0.000544	0.882413
C	main		hac	10	SNP	default_pass	14	0.995635	0.974170	0.998460	2492	79							
C	af_filter	0.50	hac	10	SNP	default_pass	14	0.997289	0.980841	0.999615	136	1163	0.001481	9	0	5	0	0.001927	0.506354
C	af_filter	0.55	hac	10	SNP	default_pass	14	0.998752	0.994291	0.999763	188	416	0.002356	12	0	2	2	0.000183	0.954371
C	af_filter	0.60	hac	10	SNP	default_pass	14	0.998791	0.994369	0.999763	198	380	0.002835	12	0	2	4	0.000137	0.966468
C	af_filter	0.65	hac	10	SNP	default_pass	14	0.999089	0.995894	0.999683	323	156	0.002982	13	0	1	9	0.000000	1.057878
C	af_filter	0.70	hac	10	SNP	default_pass	14	0.998604	0.992837	0.999262	622	91	0.002028	14	0	0	2	0.000517	0.909202
C	af_filter	0.75	hac	10	SNP	default_pass	14	0.998604	0.992837	0.999265	622	90	0.002028	14	0	0	2	0.000517	0.909202
C	af_filter	0.80	hac	10	SNP	default_pass	14	0.998514	0.991622	0.999262	688	89	0.002028	14	0	0	1	0.000526	0.881641
D	main		hac	10	SNP	default_pass	14	0.998900	0.994310	0.999498	245	365							
A	main		hac	25	SNP	default_pass	14	0.999541	0.989521	0.999907	297	12							
A	af_filter	0.50	hac	25	SNP	default_pass	14	0.999801	0.997099	1.000000	58	132	0.000040	7	3	4	7	0.000027	3.170732
A	af_filter	0.55	hac	25	SNP	default_pass	14	0.999799	0.998822	1.000000	72	65	0.000094	8	2	4	8	0.000000	3.140244
A	af_filter	0.60	hac	25	SNP	default_pass	14	0.999826	0.999213	0.999956	86	29	0.000101	9	2	3	7	0.000005	3.469512
A	af_filter	0.65	hac	25	SNP	default_pass	14	0.999804	0.999006	0.999907	109	15	0.000071	9	4	1	6	0.000050	3.201220
A	af_filter	0.70	hac	25	SNP	default_pass	14	0.999778	0.998342	0.999907	127	13	0.000056	10	4	0	6	0.000025	2.890244
A	af_filter	0.75	hac	25	SNP	default_pass	14	0.999700	0.997567	0.999907	154	12	0.000054	10	4	0	6	0.000054	1.945122
A	af_filter	0.80	hac	25	SNP	default_pass	14	0.999641	0.993001	0.999907	217	12	0.000039	9	5	0	6	0.000081	1.219512
C	main		hac	25	SNP	default_pass	14	0.999552	0.989295	0.999907	295	11							
C	af_filter	0.50	hac	25	SNP	default_pass	14	0.999801	0.997099	1.000000	57	131	0.000040	7	3	4	7	0.000027	3.507042
C	af_filter	0.55	hac	25	SNP	default_pass	14	0.999799	0.998822	1.000000	71	64	0.000094	8	2	4	8	0.000000	3.471831
C	af_filter	0.60	hac	25	SNP	default_pass	14	0.999834	0.999213	0.999956	85	28	0.000101	9	2	3	7	0.000004	3.971831
C	af_filter	0.65	hac	25	SNP	default_pass	14	0.999812	0.999006	0.999907	108	14	0.000071	9	4	1	6	0.000050	3.661972
C	af_filter	0.70	hac	25	SNP	default_pass	14	0.999787	0.998342	0.999907	126	12	0.000056	10	4	0	6	0.000024	3.309859
C	af_filter	0.75	hac	25	SNP	default_pass	14	0.999711	0.997678	0.999907	151	11	0.000054	10	4	0	6	0.000053	2.239437
C	af_filter	0.80	hac	25	SNP	default_pass	14	0.999652	0.993001	0.999907	215	11	0.000039	9	5	0	6	0.000081	1.408451
D	main		hac	25	SNP	default_pass	14	0.999623	0.998429	1.000000	135	44							
A	main		hac	50	SNP	default_pass	14	0.999852	0.995566	1.000000	105	4							
A	af_filter	0.50	hac	50	SNP	default_pass	14	0.999882	0.998274	1.000000	40	50	0.000000	5	4	5	8	0.000000	
A	af_filter	0.55	hac	50	SNP	default_pass	14	0.999909	0.999293	1.000000	47	13	0.000045	8	4	2	10	0.000000	
A	af_filter	0.60	hac	50	SNP	default_pass	14	0.999898	0.999516	1.000000	52	5	0.000015	7	6	1	9	0.000000	
A	af_filter	0.65	hac	50	SNP	default_pass	14	0.999886	0.999486	1.000000	59	4	0.000000	6	8	0	7	0.000013	
A	af_filter	0.70	hac	50	SNP	default_pass	14	0.999876	0.998895	1.000000	70	4	0.000000	5	9	0	5	0.000037	
A	af_filter	0.75	hac	50	SNP	default_pass	14	0.999874	0.998010	1.000000	79	4	0.000000	4	10	0	5	0.000037	
A	af_filter	0.80	hac	50	SNP	default_pass	14	0.999852	0.996345	1.000000	98	4	0.000000	1	13	0	5	0.000054	
C	main		hac	50	SNP	default_pass	14	0.999852	0.994675	1.000000	113	4							
C	af_filter	0.50	hac	50	SNP	default_pass	14	0.999882	0.998274	1.000000	41	50	0.000000	5	4	5	8	0.000000	
C	af_filter	0.55	hac	50	SNP	default_pass	14	0.999909	0.999293	1.000000	49	13	0.000045	8	4	2	9	0.000000	
C	af_filter	0.60	hac	50	SNP	default_pass	14	0.999898	0.999516	1.000000	52	5	0.000015	7	6	1	9	0.000000	
C	af_filter	0.65	hac	50	SNP	default_pass	14	0.999886	0.999116	1.000000	63	4	0.000000	6	8	0	7	0.000013	
C	af_filter	0.70	hac	50	SNP	default_pass	14	0.999876	0.998563	1.000000	73	4	0.000000	5	9	0	5	0.000037	
C	af_filter	0.75	hac	50	SNP	default_pass	14	0.999874	0.997234	1.000000	86	4	0.000000	4	10	0	5	0.000037	
C	af_filter	0.80	hac	50	SNP	default_pass	14	0.999852	0.995789	1.000000	103	4	0.000000	1	13	0	5	0.000054	
D	main		hac	50	SNP	default_pass	14	0.999712	0.998854	1.000000	112	22							
A	main		hac	5	SNP	sweep_best	14	0.989870	0.972818	0.993684	4417	365							
A	af_filter	0.50	hac	5	SNP	sweep_best	14	0.991453	0.893857	0.996432	682	4025	0.000806	9	0	5	0	0.002924	1.427863
A	af_filter	0.55	hac	5	SNP	sweep_best	14	0.992287	0.912872	0.996808	684	3353	0.001274	10	0	4	1	0.002252	2.179441
A	af_filter	0.60	hac	5	SNP	sweep_best	14	0.992287	0.912872	0.996808	684	3353	0.001274	10	0	4	1	0.002252	2.179441
A	af_filter	0.65	hac	5	SNP	sweep_best	14	0.994886	0.983848	0.997189	1695	643	0.004447	14	0	0	4	0.000038	4.522994
A	af_filter	0.70	hac	5	SNP	sweep_best	14	0.994915	0.984316	0.997189	1710	608	0.004645	14	0	0	11	0.000000	4.548693
A	af_filter	0.75	hac	5	SNP	sweep_best	14	0.994915	0.984316	0.997189	1710	608	0.004645	14	0	0	11	0.000000	4.548693
A	af_filter	0.80	hac	5	SNP	sweep_best	14	0.994761	0.983681	0.997134	1859	565	0.004405	14	0	0	1	0.000240	4.410730
C	main		hac	5	SNP	sweep_best	14	0.990035	0.972818	0.993714	4395	368							
C	af_filter	0.50	hac	5	SNP	sweep_best	14	0.991453	0.893857	0.996432	684	4018	0.000806	9	0	5	0	0.002924	1.502382
C	af_filter	0.55	hac	5	SNP	sweep_best	14	0.992287	0.912872	0.996808	686	3357	0.001274	10	0	4	1	0.002252	2.384860
C	af_filter	0.60	hac	5	SNP	sweep_best	14	0.992287	0.912872	0.996808	686	3357	0.001274	10	0	4	1	0.002252	2.384860
C	af_filter	0.65	hac	5	SNP	sweep_best	14	0.994886	0.984089	0.997245	1710	633	0.004461	14	0	0	4	0.000038	5.136580
C	af_filter	0.70	hac	5	SNP	sweep_best	14	0.994915	0.984449	0.997245	1705	613	0.004657	14	0	0	11	0.000000	5.166755
C	af_filter	0.75	hac	5	SNP	sweep_best	14	0.994915	0.984449	0.997245	1705	613	0.004657	14	0	0	11	0.000000	5.166755
C	af_filter	0.80	hac	5	SNP	sweep_best	14	0.994721	0.983651	0.997189	1857	569	0.004376	14	0	0	1	0.000279	4.961885
D	main		hac	5	SNP	sweep_best	14	0.990979	0.974873	0.995097	2187	1613							
A	main		hac	10	SNP	sweep_best	14	0.995538	0.974168	0.998487	2497	74							
A	af_filter	0.50	hac	10	SNP	sweep_best	14	0.997349	0.981053	0.999560	127	1158	0.001530	9	0	5	0	0.001945	0.527297
A	af_filter	0.55	hac	10	SNP	sweep_best	14	0.998830	0.994447	0.999822	169	413	0.002477	12	0	2	2	0.000199	0.958509
A	af_filter	0.60	hac	10	SNP	sweep_best	14	0.998870	0.994525	0.999822	179	376	0.002981	12	0	2	4	0.000137	0.970010
A	af_filter	0.65	hac	10	SNP	sweep_best	14	0.999142	0.995989	0.999683	303	150	0.003132	13	0	1	9	0.000000	1.049207
A	af_filter	0.70	hac	10	SNP	sweep_best	14	0.998682	0.992900	0.999309	600	88	0.002177	14	0	0	2	0.000530	0.915272
A	af_filter	0.75	hac	10	SNP	sweep_best	14	0.998667	0.992868	0.999317	602	88	0.002147	14	0	0	1	0.000530	0.910904
A	af_filter	0.80	hac	10	SNP	sweep_best	14	0.998544	0.991653	0.999309	668	87	0.002147	14	0	0	0	0.000544	0.875237
C	main		hac	10	SNP	sweep_best	14	0.995688	0.974202	0.998495	2478	72							
C	af_filter	0.50	hac	10	SNP	sweep_best	14	0.997354	0.981053	0.999560	128	1154	0.001530	9	0	5	0	0.001941	0.507229
C	af_filter	0.55	hac	10	SNP	sweep_best	14	0.998830	0.994447	0.999822	170	411	0.002356	12	0	2	2	0.000183	0.956628
C	af_filter	0.60	hac	10	SNP	sweep_best	14	0.998870	0.994525	0.999822	179	376	0.002835	12	0	2	4	0.000137	0.968650
C	af_filter	0.65	hac	10	SNP	sweep_best	14	0.999176	0.995926	0.999683	304	150	0.002982	13	0	1	9	0.000000	1.061787
C	af_filter	0.70	hac	10	SNP	sweep_best	14	0.998703	0.992868	0.999309	601	87	0.002028	14	0	0	2	0.000517	0.917821
C	af_filter	0.75	hac	10	SNP	sweep_best	14	0.998703	0.992868	0.999317	601	86	0.002028	14	0	0	2	0.000517	0.917821
C	af_filter	0.80	hac	10	SNP	sweep_best	14	0.998560	0.991653	0.999309	667	85	0.002028	14	0	0	1	0.000525	0.874144
D	main		hac	10	SNP	sweep_best	14	0.998973	0.996424	0.999620	320	190							
A	main		hac	25	SNP	sweep_best	14	0.999588	0.989521	0.999945	282	9							
A	af_filter	0.50	hac	25	SNP	sweep_best	14	0.999816	0.997178	1.000000	41	129	0.000040	7	3	4	7	0.000028	3.707317
A	af_filter	0.55	hac	25	SNP	sweep_best	14	0.999799	0.998901	1.000000	57	62	0.000094	8	2	4	7	0.000031	3.422764
A	af_filter	0.60	hac	25	SNP	sweep_best	14	0.999869	0.999227	1.000000	71	26	0.000101	9	2	3	7	0.000004	4.560976
A	af_filter	0.65	hac	25	SNP	sweep_best	14	0.999808	0.999006	1.000000	95	11	0.000072	9	4	1	6	0.000050	3.585366
A	af_filter	0.70	hac	25	SNP	sweep_best	14	0.999786	0.998342	1.000000	113	9	0.000057	10	4	0	6	0.000023	3.227642
A	af_filter	0.75	hac	25	SNP	sweep_best	14	0.999696	0.997567	1.000000	139	9	0.000054	10	4	0	6	0.000053	1.764228
A	af_filter	0.80	hac	25	SNP	sweep_best	14	0.999670	0.993001	1.000000	202	9	0.000039	9	5	0	6	0.000080	1.333333
C	main		hac	25	SNP	sweep_best	14	0.999588	0.989295	0.999945	280	10							
C	af_filter	0.50	hac	25	SNP	sweep_best	14	0.999816	0.997178	1.000000	41	129	0.000040	7	3	4	7	0.000028	3.707317
C	af_filter	0.55	hac	25	SNP	sweep_best	14	0.999799	0.998901	1.000000	56	63	0.000094	8	2	4	7	0.000031	3.422764
C	af_filter	0.60	hac	25	SNP	sweep_best	14	0.999869	0.999227	1.000000	71	26	0.000101	9	2	3	7	0.000004	4.560976
C	af_filter	0.65	hac	25	SNP	sweep_best	14	0.999808	0.999006	1.000000	94	12	0.000072	9	4	1	6	0.000050	3.585366
C	af_filter	0.70	hac	25	SNP	sweep_best	14	0.999786	0.998342	1.000000	112	10	0.000057	10	4	0	6	0.000023	3.227642
C	af_filter	0.75	hac	25	SNP	sweep_best	14	0.999700	0.997678	1.000000	136	10	0.000054	10	4	0	6	0.000053	1.829268
C	af_filter	0.80	hac	25	SNP	sweep_best	14	0.999670	0.993001	1.000000	200	10	0.000039	9	5	0	6	0.000080	1.333333
D	main		hac	25	SNP	sweep_best	14	0.999650	0.998585	1.000000	131	29							
A	main		hac	50	SNP	sweep_best	14	0.999880	0.995566	1.000000	89	1							
A	af_filter	0.50	hac	50	SNP	sweep_best	14	0.999924	0.998274	1.000000	23	48	0.000000	5	4	5	8	0.000000	
A	af_filter	0.55	hac	50	SNP	sweep_best	14	0.999926	0.999293	1.000000	30	11	0.000045	8	4	2	10	0.000000	
A	af_filter	0.60	hac	50	SNP	sweep_best	14	0.999915	0.999558	1.000000	36	2	0.000016	7	6	1	9	0.000000	
A	af_filter	0.65	hac	50	SNP	sweep_best	14	0.999902	0.999558	1.000000	43	1	0.000000	6	8	0	7	0.000013	
A	af_filter	0.70	hac	50	SNP	sweep_best	14	0.999897	0.998895	1.000000	54	1	0.000000	5	9	0	5	0.000036	
A	af_filter	0.75	hac	50	SNP	sweep_best	14	0.999893	0.998010	1.000000	63	1	0.000000	4	10	0	5	0.000036	
A	af_filter	0.80	hac	50	SNP	sweep_best	14	0.999880	0.996345	1.000000	82	1	0.000000	1	13	0	5	0.000053	
C	main		hac	50	SNP	sweep_best	14	0.999880	0.994675	1.000000	97	1							
C	af_filter	0.50	hac	50	SNP	sweep_best	14	0.999924	0.998274	1.000000	24	48	0.000000	5	4	5	8	0.000000	
C	af_filter	0.55	hac	50	SNP	sweep_best	14	0.999926	0.999293	1.000000	32	11	0.000045	8	4	2	9	0.000000	
C	af_filter	0.60	hac	50	SNP	sweep_best	14	0.999915	0.999558	1.000000	36	2	0.000016	7	6	1	9	0.000000	
C	af_filter	0.65	hac	50	SNP	sweep_best	14	0.999902	0.999116	1.000000	47	1	0.000000	6	8	0	7	0.000013	
C	af_filter	0.70	hac	50	SNP	sweep_best	14	0.999897	0.998563	1.000000	57	1	0.000000	5	9	0	5	0.000036	
C	af_filter	0.75	hac	50	SNP	sweep_best	14	0.999893	0.997234	1.000000	70	1	0.000000	4	10	0	5	0.000036	
C	af_filter	0.80	hac	50	SNP	sweep_best	14	0.999880	0.995789	1.000000	87	1	0.000000	1	13	0	5	0.000053	
D	main		hac	50	SNP	sweep_best	14	0.999712	0.998900	1.000000	103	19							
A	main		sup	5	ALL	default_pass	14	0.993094	0.973209	0.996414	3237	202							
A	af_filter	0.50	sup	5	ALL	default_pass	14	0.994950	0.958165	0.997436	726	1987	0.001530	11	0	3	0	0.001459	
A	af_filter	0.55	sup	5	ALL	default_pass	14	0.995151	0.969697	0.997487	749	1596	0.001964	11	0	3	2	0.000950	
A	af_filter	0.60	sup	5	ALL	default_pass	14	0.995151	0.969697	0.997487	749	1596	0.001964	11	0	3	2	0.000950	
A	af_filter	0.65	sup	5	ALL	default_pass	14	0.995584	0.986796	0.998262	1256	325	0.003204	14	0	0	5	0.000057	
A	af_filter	0.70	sup	5	ALL	default_pass	14	0.995659	0.987013	0.998270	1261	311	0.003214	14	0	0	9	0.000000	
A	af_filter	0.75	sup	5	ALL	default_pass	14	0.995659	0.987013	0.998270	1261	311	0.003214	14	0	0	9	0.000000	
A	af_filter	0.80	sup	5	ALL	default_pass	14	0.995556	0.986567	0.998210	1364	298	0.003024	14	0	0	1	0.000109	
C	main		sup	5	ALL	default_pass	14	0.993184	0.973372	0.996405	3216	200							
C	af_filter	0.50	sup	5	ALL	default_pass	14	0.995002	0.958165	0.997445	733	1978	0.001401	11	0	3	0	0.001446	
C	af_filter	0.55	sup	5	ALL	default_pass	14	0.995177	0.969697	0.997479	756	1594	0.001833	11	0	3	2	0.000964	
C	af_filter	0.60	sup	5	ALL	default_pass	14	0.995177	0.969697	0.997479	756	1594	0.001833	11	0	3	2	0.000964	
C	af_filter	0.65	sup	5	ALL	default_pass	14	0.995584	0.986796	0.998262	1257	321	0.003022	14	0	0	5	0.000057	
C	af_filter	0.70	sup	5	ALL	default_pass	14	0.995659	0.987013	0.998270	1260	308	0.003022	14	0	0	10	0.000000	
C	af_filter	0.75	sup	5	ALL	default_pass	14	0.995659	0.987013	0.998270	1260	308	0.003022	14	0	0	10	0.000000	
C	af_filter	0.80	sup	5	ALL	default_pass	14	0.995556	0.986567	0.998210	1365	295	0.002905	14	0	0	1	0.000109	
D	main		sup	5	ALL	default_pass	14	0.990384	0.924053	0.996382	468	4426							
A	main		sup	10	ALL	default_pass	14	0.996590	0.976827	0.999144	2104	60							
A	af_filter	0.50	sup	10	ALL	default_pass	14	0.998730	0.989169	0.999523	181	640	0.001608	10	0	4	1	0.000612	1.028345
A	af_filter	0.55	sup	10	ALL	default_pass	14	0.998941	0.995080	0.999718	212	235	0.001884	12	0	2	5	0.000083	1.129954
A	af_filter	0.60	sup	10	ALL	default_pass	14	0.998954	0.995080	0.999740	215	228	0.001884	12	0	2	5	0.000083	1.136200
A	af_filter	0.65	sup	10	ALL	default_pass	14	0.998862	0.996924	0.999783	281	105	0.001744	13	0	1	5	0.000077	1.091761
A	af_filter	0.70	sup	10	ALL	default_pass	14	0.998860	0.994763	0.999567	415	66	0.001615	14	0	0	3	0.000202	1.091040
A	af_filter	0.75	sup	10	ALL	default_pass	14	0.998860	0.994763	0.999567	421	66	0.001615	14	0	0	3	0.000202	1.091040
A	af_filter	0.80	sup	10	ALL	default_pass	14	0.998829	0.991654	0.999567	486	64	0.001615	14	0	0	3	0.000202	1.075667
C	main		sup	10	ALL	default_pass	14	0.996590	0.977055	0.999187	2085	60							
C	af_filter	0.50	sup	10	ALL	default_pass	14	0.998730	0.989094	0.999523	183	639	0.001535	10	0	4	1	0.000612	1.028345
C	af_filter	0.55	sup	10	ALL	default_pass	14	0.998926	0.995004	0.999718	214	233	0.001850	12	0	2	5	0.000083	1.122508
C	af_filter	0.60	sup	10	ALL	default_pass	14	0.998939	0.995004	0.999740	217	228	0.001850	12	0	2	5	0.000118	1.128753
C	af_filter	0.65	sup	10	ALL	default_pass	14	0.998872	0.996924	0.999783	281	105	0.001679	13	0	1	5	0.000070	1.096565
C	af_filter	0.70	sup	10	ALL	default_pass	14	0.998860	0.994864	0.999567	422	64	0.001543	14	0	0	3	0.000202	1.091040
C	af_filter	0.75	sup	10	ALL	default_pass	14	0.998860	0.994864	0.999567	423	64	0.001543	14	0	0	3	0.000202	1.091040
C	af_filter	0.80	sup	10	ALL	default_pass	14	0.998829	0.991134	0.999567	489	64	0.001543	14	0	0	3	0.000202	1.075667
D	main		sup	10	ALL	default_pass	14	0.998671	0.993636	0.999718	205	283							
A	main		sup	25	ALL	default_pass	14	0.999360	0.996307	1.000000	301	30							
A	af_filter	0.50	sup	25	ALL	default_pass	14	0.999662	0.997347	1.000000	90	117	0.000028	7	2	5	7	0.000030	1.255717
A	af_filter	0.55	sup	25	ALL	default_pass	14	0.999759	0.998255	1.000000	95	66	0.000038	8	3	3	7	0.000013	1.661123
A	af_filter	0.60	sup	25	ALL	default_pass	14	0.999699	0.998463	1.000000	101	41	0.000050	10	3	1	6	0.000018	1.409563
A	af_filter	0.65	sup	25	ALL	default_pass	14	0.999683	0.998463	1.000000	109	30	0.000071	10	4	0	9	0.000000	1.345114
A	af_filter	0.70	sup	25	ALL	default_pass	14	0.999621	0.998157	1.000000	133	30	0.000071	10	4	0	5	0.000034	1.083160
A	af_filter	0.75	sup	25	ALL	default_pass	14	0.999621	0.997849	1.000000	142	30	0.000050	9	5	0	4	0.000045	1.083160
A	af_filter	0.80	sup	25	ALL	default_pass	14	0.999607	0.997849	1.000000	159	30	0.000017	8	6	0	3	0.000061	1.029106
C	main		sup	25	ALL	default_pass	14	0.999382	0.996307	1.000000	296	29							
C	af_filter	0.50	sup	25	ALL	default_pass	14	0.999712	0.997347	1.000000	89	114	0.000028	7	2	5	8	0.000000	1.510297
C	af_filter	0.55	sup	25	ALL	default_pass	14	0.999759	0.998255	1.000000	94	65	0.000039	8	3	3	7	0.000013	1.727689
C	af_filter	0.60	sup	25	ALL	default_pass	14	0.999699	0.998683	1.000000	100	40	0.000050	10	3	1	6	0.000017	1.450801
C	af_filter	0.65	sup	25	ALL	default_pass	14	0.999683	0.998683	1.000000	108	29	0.000071	10	4	0	9	0.000000	1.379863
C	af_filter	0.70	sup	25	ALL	default_pass	14	0.999621	0.998362	1.000000	130	29	0.000071	10	4	0	5	0.000034	1.091533
C	af_filter	0.75	sup	25	ALL	default_pass	14	0.999621	0.998054	1.000000	140	29	0.000050	9	5	0	4	0.000045	1.091533
C	af_filter	0.80	sup	25	ALL	default_pass	14	0.999607	0.997849	1.000000	158	29	0.000017	8	6	0	3	0.000061	1.032037
D	main		sup	25	ALL	default_pass	14	0.999601	0.998023	0.999935	135	55							
A	main		sup	50	ALL	default_pass	14	0.999717	0.998362	0.999946	97	19							
A	af_filter	0.50	sup	50	ALL	default_pass	14	0.999869	0.998407	1.000000	55	48	0.000028	9	2	3	9	0.000000	
A	af_filter	0.55	sup	50	ALL	default_pass	14	0.999866	0.998937	1.000000	60	24	0.000045	9	4	1	10	0.000000	
A	af_filter	0.60	sup	50	ALL	default_pass	14	0.999866	0.999013	1.000000	61	19	0.000052	10	4	0	12	0.000000	
A	af_filter	0.65	sup	50	ALL	default_pass	14	0.999765	0.999013	0.999957	71	19	0.000039	8	6	0	8	0.000000	
A	af_filter	0.70	sup	50	ALL	default_pass	14	0.999763	0.998772	0.999946	85	19	0.000004	7	7	0	4	0.000028	
A	af_filter	0.75	sup	50	ALL	default_pass	14	0.999763	0.998670	0.999946	87	19	0.000000	6	8	0	3	0.000038	
A	af_filter	0.80	sup	50	ALL	default_pass	14	0.999748	0.998567	0.999946	92	19	0.000000	3	11	0	3	0.000052	
C	main		sup	50	ALL	default_pass	14	0.999717	0.998465	0.999946	95	18							
C	af_filter	0.50	sup	50	ALL	default_pass	14	0.999873	0.998407	1.000000	55	47	0.000024	9	2	3	9	0.000000	
C	af_filter	0.55	sup	50	ALL	default_pass	14	0.999870	0.998937	1.000000	60	23	0.000041	9	4	1	10	0.000000	
C	af_filter	0.60	sup	50	ALL	default_pass	14	0.999870	0.999013	1.000000	61	18	0.000052	10	4	0	12	0.000000	
C	af_filter	0.65	sup	50	ALL	default_pass	14	0.999804	0.999013	0.999957	69	18	0.000028	8	6	0	8	0.000000	
C	af_filter	0.70	sup	50	ALL	default_pass	14	0.999763	0.998772	0.999946	85	18	0.000000	6	8	0	4	0.000028	
C	af_filter	0.75	sup	50	ALL	default_pass	14	0.999763	0.998772	0.999946	86	18	0.000000	5	9	0	3	0.000038	
C	af_filter	0.80	sup	50	ALL	default_pass	14	0.999748	0.998670	0.999946	91	18	0.000000	2	12	0	3	0.000052	
D	main		sup	50	ALL	default_pass	14	0.999594	0.998178	1.000000	137	40							
A	main		sup	5	ALL	sweep_best	14	0.993605	0.973209	0.996818	3061	222							
A	af_filter	0.50	sup	5	ALL	sweep_best	14	0.995215	0.958369	0.997865	530	2045	0.001573	11	0	3	0	0.001801	0.935231
A	af_filter	0.55	sup	5	ALL	sweep_best	14	0.995477	0.969905	0.997916	554	1651	0.002016	11	0	3	2	0.001430	1.087714
A	af_filter	0.60	sup	5	ALL	sweep_best	14	0.995477	0.969905	0.997916	554	1651	0.002016	11	0	3	2	0.001430	1.087714
A	af_filter	0.65	sup	5	ALL	sweep_best	14	0.996425	0.987253	0.998699	1022	368	0.003318	14	0	0	5	0.000057	1.638106
A	af_filter	0.70	sup	5	ALL	sweep_best	14	0.996565	0.987470	0.998708	1027	353	0.003314	14	0	0	9	0.000000	1.720012
A	af_filter	0.75	sup	5	ALL	sweep_best	14	0.996565	0.987470	0.998708	1027	353	0.003314	14	0	0	9	0.000000	1.720012
A	af_filter	0.80	sup	5	ALL	sweep_best	14	0.996417	0.987024	0.998648	1131	340	0.003138	14	0	0	1	0.000108	1.634040
C	main		sup	5	ALL	sweep_best	14	0.993627	0.973372	0.996810	3032	229							
C	af_filter	0.50	sup	5	ALL	sweep_best	14	0.995283	0.958369	0.997873	529	2043	0.001468	11	0	3	0	0.001797	0.974985
C	af_filter	0.55	sup	5	ALL	sweep_best	14	0.995503	0.969905	0.997907	561	1649	0.001896	11	0	3	2	0.001430	1.104179
C	af_filter	0.60	sup	5	ALL	sweep_best	14	0.995503	0.969905	0.997907	561	1649	0.001896	11	0	3	2	0.001430	1.104179
C	af_filter	0.65	sup	5	ALL	sweep_best	14	0.996469	0.987253	0.998699	1022	365	0.003133	14	0	0	5	0.000057	1.672749
C	af_filter	0.70	sup	5	ALL	sweep_best	14	0.996565	0.987470	0.998708	1025	351	0.003133	14	0	0	10	0.000000	1.729547
C	af_filter	0.75	sup	5	ALL	sweep_best	14	0.996565	0.987470	0.998708	1025	351	0.003133	14	0	0	10	0.000000	1.729547
C	af_filter	0.80	sup	5	ALL	sweep_best	14	0.996368	0.987024	0.998648	1131	338	0.003031	14	0	0	1	0.000108	1.613008
D	main		sup	5	ALL	sweep_best	14	0.995326	0.980444	0.997690	1277	686							
A	main		sup	10	ALL	sweep_best	14	0.996700	0.976797	0.999256	2059	67							
A	af_filter	0.50	sup	10	ALL	sweep_best	14	0.998935	0.989462	0.999545	171	594	0.001635	10	0	4	1	0.000568	0.935916
A	af_filter	0.55	sup	10	ALL	sweep_best	14	0.999032	0.995155	0.999838	161	239	0.001954	12	0	2	5	0.000071	0.976335
A	af_filter	0.60	sup	10	ALL	sweep_best	14	0.999045	0.995155	0.999838	164	232	0.001954	12	0	2	5	0.000071	0.981780
A	af_filter	0.65	sup	10	ALL	sweep_best	14	0.998885	0.996927	0.999892	237	108	0.001772	13	0	1	4	0.000086	0.914974
A	af_filter	0.70	sup	10	ALL	sweep_best	14	0.998908	0.994970	0.999675	367	73	0.001615	14	0	0	3	0.000233	0.924817
A	af_filter	0.75	sup	10	ALL	sweep_best	14	0.998908	0.994970	0.999675	373	73	0.001615	14	0	0	3	0.000233	0.924817
A	af_filter	0.80	sup	10	ALL	sweep_best	14	0.998884	0.991758	0.999675	439	71	0.001615	14	0	0	3	0.000233	0.914764
C	main		sup	10	ALL	sweep_best	14	0.996700	0.977026	0.999290	2038	71							
C	af_filter	0.50	sup	10	ALL	sweep_best	14	0.998935	0.989313	0.999545	173	595	0.001562	10	0	4	1	0.000568	0.935916
C	af_filter	0.55	sup	10	ALL	sweep_best	14	0.999032	0.995076	0.999838	166	233	0.001881	12	0	2	5	0.000071	0.976335
C	af_filter	0.60	sup	10	ALL	sweep_best	14	0.999045	0.995076	0.999838	169	228	0.001881	12	0	2	5	0.000095	0.981780
C	af_filter	0.65	sup	10	ALL	sweep_best	14	0.998885	0.996927	0.999892	233	112	0.001699	13	0	1	4	0.000079	0.914974
C	af_filter	0.70	sup	10	ALL	sweep_best	14	0.998908	0.995071	0.999675	372	75	0.001542	14	0	0	3	0.000233	0.924817
C	af_filter	0.75	sup	10	ALL	sweep_best	14	0.998908	0.995071	0.999675	373	75	0.001542	14	0	0	3	0.000233	0.924817
C	af_filter	0.80	sup	10	ALL	sweep_best	14	0.998884	0.991238	0.999675	440	75	0.001542	14	0	0	3	0.000233	0.914764
D	main		sup	10	ALL	sweep_best	14	0.999088	0.994739	0.999826	241	141							
A	main		sup	25	ALL	sweep_best	14	0.999360	0.996307	1.000000	277	19							
A	af_filter	0.50	sup	25	ALL	sweep_best	14	0.999729	0.997575	1.000000	64	103	0.000028	7	2	5	7	0.000031	1.292469
A	af_filter	0.55	sup	25	ALL	sweep_best	14	0.999773	0.998483	1.000000	68	55	0.000052	8	3	3	7	0.000012	1.448336
A	af_filter	0.60	sup	25	ALL	sweep_best	14	0.999742	0.998903	1.000000	75	30	0.000053	10	3	1	5	0.000028	1.338004
A	af_filter	0.65	sup	25	ALL	sweep_best	14	0.999742	0.998903	1.000000	83	19	0.000084	10	4	0	8	0.000000	1.336252
A	af_filter	0.70	sup	25	ALL	sweep_best	14	0.999662	0.998157	1.000000	108	19	0.000071	10	4	0	5	0.000047	1.057793
A	af_filter	0.75	sup	25	ALL	sweep_best	14	0.999662	0.997849	1.000000	117	19	0.000050	9	5	0	4	0.000049	1.057793
A	af_filter	0.80	sup	25	ALL	sweep_best	14	0.999649	0.997849	1.000000	135	19	0.000018	8	6	0	3	0.000071	1.012259
C	main		sup	25	ALL	sweep_best	14	0.999382	0.996307	1.000000	272	19							
C	af_filter	0.50	sup	25	ALL	sweep_best	14	0.999761	0.997575	1.000000	64	101	0.000028	7	2	5	8	0.000000	1.436433
C	af_filter	0.55	sup	25	ALL	sweep_best	14	0.999773	0.998483	1.000000	68	55	0.000052	8	3	3	7	0.000012	1.485769
C	af_filter	0.60	sup	25	ALL	sweep_best	14	0.999742	0.998903	1.000000	75	30	0.000053	10	3	1	5	0.000028	1.366224
C	af_filter	0.65	sup	25	ALL	sweep_best	14	0.999742	0.998903	1.000000	83	19	0.000084	10	4	0	8	0.000000	1.364326
C	af_filter	0.70	sup	25	ALL	sweep_best	14	0.999662	0.998362	1.000000	106	19	0.000071	10	4	0	5	0.000047	1.062619
C	af_filter	0.75	sup	25	ALL	sweep_best	14	0.999662	0.998054	1.000000	116	19	0.000050	9	5	0	4	0.000049	1.062619
C	af_filter	0.80	sup	25	ALL	sweep_best	14	0.999649	0.997849	1.000000	134	19	0.000018	8	6	0	3	0.000071	1.013283
D	main		sup	25	ALL	sweep_best	14	0.999645	0.998482	0.999938	130	40							
A	main		sup	50	ALL	sweep_best	14	0.999779	0.998362	1.000000	84	14							
A	af_filter	0.50	sup	50	ALL	sweep_best	14	0.999896	0.998483	1.000000	40	44	0.000027	9	2	3	9	0.000000	
A	af_filter	0.55	sup	50	ALL	sweep_best	14	0.999911	0.999013	1.000000	45	20	0.000050	9	4	1	10	0.000000	
A	af_filter	0.60	sup	50	ALL	sweep_best	14	0.999911	0.999089	1.000000	47	15	0.000051	9	5	0	11	0.000000	
A	af_filter	0.65	sup	50	ALL	sweep_best	14	0.999861	0.999089	1.000000	58	14	0.000039	8	6	0	7	0.000013	
A	af_filter	0.70	sup	50	ALL	sweep_best	14	0.999848	0.998772	1.000000	72	14	0.000005	7	7	0	4	0.000028	
A	af_filter	0.75	sup	50	ALL	sweep_best	14	0.999815	0.998670	1.000000	74	14	0.000000	6	8	0	3	0.000043	
A	af_filter	0.80	sup	50	ALL	sweep_best	14	0.999800	0.998567	1.000000	79	14	0.000000	3	11	0	3	0.000057	
C	main		sup	50	ALL	sweep_best	14	0.999779	0.998465	1.000000	82	14							
C	af_filter	0.50	sup	50	ALL	sweep_best	14	0.999896	0.998483	1.000000	40	44	0.000024	9	2	3	9	0.000000	
C	af_filter	0.55	sup	50	ALL	sweep_best	14	0.999911	0.999013	1.000000	45	20	0.000045	9	4	1	10	0.000000	
C	af_filter	0.60	sup	50	ALL	sweep_best	14	0.999911	0.999089	1.000000	47	15	0.000046	9	5	0	11	0.000000	
C	af_filter	0.65	sup	50	ALL	sweep_best	14	0.999861	0.999089	1.000000	56	14	0.000028	8	6	0	7	0.000013	
C	af_filter	0.70	sup	50	ALL	sweep_best	14	0.999848	0.998772	1.000000	72	14	0.000000	6	8	0	4	0.000028	
C	af_filter	0.75	sup	50	ALL	sweep_best	14	0.999815	0.998772	1.000000	73	14	0.000000	5	9	0	3	0.000043	
C	af_filter	0.80	sup	50	ALL	sweep_best	14	0.999800	0.998670	1.000000	78	14	0.000000	2	12	0	3	0.000057	
D	main		sup	50	ALL	sweep_best	14	0.999636	0.998254	1.000000	124	39							
A	main		sup	5	INDEL	default_pass	14	0.919641	0.874883	0.959774	470	40							
A	af_filter	0.50	sup	5	INDEL	default_pass	14	0.899682	0.785833	0.948751	363	273	-0.020588	4	0	10	0	0.025177	
A	af_filter	0.55	sup	5	INDEL	default_pass	14	0.899682	0.805902	0.948605	365	247	-0.017807	4	0	10	2	0.020550	
A	af_filter	0.60	sup	5	INDEL	default_pass	14	0.899682	0.805902	0.948605	365	247	-0.017807	4	0	10	2	0.020550	
A	af_filter	0.65	sup	5	INDEL	default_pass	14	0.925701	0.867523	0.967291	420	53	0.005247	13	0	1	10	0.000000	
A	af_filter	0.70	sup	5	INDEL	default_pass	14	0.925701	0.863929	0.968665	421	51	0.005247	13	0	1	11	0.000000	
A	af_filter	0.75	sup	5	INDEL	default_pass	14	0.925701	0.863929	0.968665	421	51	0.005247	13	0	1	11	0.000000	
A	af_filter	0.80	sup	5	INDEL	default_pass	14	0.925701	0.863929	0.967194	422	51	0.005247	13	0	1	10	0.000000	
C	main		sup	5	INDEL	default_pass	14	0.919641	0.874883	0.959774	470	40							
C	af_filter	0.50	sup	5	INDEL	default_pass	14	0.899682	0.785833	0.948751	363	273	-0.020588	4	0	10	0	0.025177	
C	af_filter	0.55	sup	5	INDEL	default_pass	14	0.899682	0.805902	0.948605	365	247	-0.017807	4	0	10	2	0.020550	
C	af_filter	0.60	sup	5	INDEL	default_pass	14	0.899682	0.805902	0.948605	365	247	-0.017807	4	0	10	2	0.020550	
C	af_filter	0.65	sup	5	INDEL	default_pass	14	0.925701	0.867523	0.967291	420	53	0.005247	13	0	1	10	0.000000	
C	af_filter	0.70	sup	5	INDEL	default_pass	14	0.925701	0.863929	0.968665	421	51	0.005247	13	0	1	11	0.000000	
C	af_filter	0.75	sup	5	INDEL	default_pass	14	0.925701	0.863929	0.968665	421	51	0.005247	13	0	1	11	0.000000	
C	af_filter	0.80	sup	5	INDEL	default_pass	14	0.925701	0.863929	0.967194	422	51	0.005247	13	0	1	10	0.000000	
D	main		sup	5	INDEL	default_pass	14	0.783022	0.340661	0.886521	189	2131							
A	main		sup	10	INDEL	default_pass	14	0.967247	0.945650	0.993027	176	23							
A	af_filter	0.50	sup	10	INDEL	default_pass	14	0.966864	0.911135	0.984667	112	118	-0.000203	7	0	7	3	0.008495	-0.121145
A	af_filter	0.55	sup	10	INDEL	default_pass	14	0.974868	0.942974	0.990272	131	51	0.001969	9	1	4	6	0.001363	2.410723
A	af_filter	0.60	sup	10	INDEL	default_pass	14	0.974868	0.939772	0.990272	132	51	0.001969	9	1	4	6	0.001363	2.410723
A	af_filter	0.65	sup	10	INDEL	default_pass	14	0.969505	0.947859	0.993027	154	27	0.003146	9	3	2	5	0.000243	0.714218
A	af_filter	0.70	sup	10	INDEL	default_pass	14	0.969359	0.949877	0.993027	168	23	0.000000	5	9	0	4	0.003283	0.668037
A	af_filter	0.75	sup	10	INDEL	default_pass	14	0.969359	0.949877	0.993027	168	23	0.000000	5	9	0	4	0.003283	0.668037
A	af_filter	0.80	sup	10	INDEL	default_pass	14	0.969359	0.949877	0.993027	168	23	0.000000	5	9	0	4	0.003283	0.668037
C	main		sup	10	INDEL	default_pass	14	0.967247	0.945650	0.991620	178	23							
C	af_filter	0.50	sup	10	INDEL	default_pass	14	0.966864	0.910573	0.985499	114	117	-0.000203	7	0	7	3	0.008495	-0.121145
C	af_filter	0.55	sup	10	INDEL	default_pass	14	0.974868	0.939772	0.988866	133	51	0.001967	9	1	4	6	0.001362	2.410723
C	af_filter	0.60	sup	10	INDEL	default_pass	14	0.974868	0.936551	0.988866	134	51	0.001967	9	1	4	6	0.001362	2.410723
C	af_filter	0.65	sup	10	INDEL	default_pass	14	0.969490	0.944613	0.991620	156	27	0.003146	9	3	2	5	0.000243	0.709315
C	af_filter	0.70	sup	10	INDEL	default_pass	14	0.969359	0.947098	0.991620	170	23	0.000000	5	9	0	4	0.003283	0.668037
C	af_filter	0.75	sup	10	INDEL	default_pass	14	0.969359	0.947098	0.991620	170	23	0.000000	5	9	0	4	0.003283	0.668037
C	af_filter	0.80	sup	10	INDEL	default_pass	14	0.969359	0.947098	0.991620	170	23	0.000000	5	9	0	4	0.003283	0.668037
D	main		sup	10	INDEL	default_pass	14	0.970409	0.875476	0.984763	115	154							
A	main		sup	25	INDEL	default_pass	14	0.987048	0.953682	1.000000	71	19							
A	af_filter	0.50	sup	25	INDEL	default_pass	14	0.989216	0.950115	1.000000	55	26	0.001893	10	2	2	10	0.000000	1.501385
A	af_filter	0.55	sup	25	INDEL	default_pass	14	0.988757	0.950115	1.000000	59	22	0.001860	9	4	1	10	0.000000	1.183518
A	af_filter	0.60	sup	25	INDEL	default_pass	14	0.987501	0.953682	1.000000	62	20	0.001148	8	6	0	9	0.000000	0.313366
A	af_filter	0.65	sup	25	INDEL	default_pass	14	0.987483	0.953682	1.000000	67	19	0.000000	4	10	0	6	0.001016	0.301247
A	af_filter	0.70	sup	25	INDEL	default_pass	14	0.987048	0.953682	1.000000	71	19	0.000000	0	14	0	3	0.002447	0.000000
A	af_filter	0.75	sup	25	INDEL	default_pass	14	0.987048	0.953682	1.000000	71	19	0.000000	0	14	0	3	0.002447	0.000000
A	af_filter	0.80	sup	25	INDEL	default_pass	14	0.987048	0.953682	1.000000	71	19	0.000000	0	14	0	3	0.002447	0.000000
C	main		sup	25	INDEL	default_pass	14	0.987465	0.953682	1.000000	71	18							
C	af_filter	0.50	sup	25	INDEL	default_pass	14	0.989633	0.950115	1.000000	54	25	0.001892	10	2	2	10	0.000000	2.111544
C	af_filter	0.55	sup	25	INDEL	default_pass	14	0.989174	0.950115	1.000000	58	21	0.001860	9	4	1	10	0.000000	1.663906
C	af_filter	0.60	sup	25	INDEL	default_pass	14	0.987917	0.953682	1.000000	61	19	0.001147	8	6	0	9	0.000000	0.439844
C	af_filter	0.65	sup	25	INDEL	default_pass	14	0.987900	0.953682	1.000000	66	18	0.000000	4	10	0	6	0.001016	0.423770
C	af_filter	0.70	sup	25	INDEL	default_pass	14	0.987465	0.953682	1.000000	70	18	0.000000	1	13	0	3	0.002447	0.000000
C	af_filter	0.75	sup	25	INDEL	default_pass	14	0.987465	0.953682	1.000000	71	18	0.000000	0	14	0	3	0.002447	0.000000
C	af_filter	0.80	sup	25	INDEL	default_pass	14	0.987465	0.953682	1.000000	71	18	0.000000	0	14	0	3	0.002447	0.000000
D	main		sup	25	INDEL	default_pass	14	0.988492	0.974212	0.994845	60	33							
A	main		sup	50	INDEL	default_pass	14	0.991858	0.975004	1.000000	48	14							
A	af_filter	0.50	sup	50	INDEL	default_pass	14	0.992800	0.976544	1.000000	43	17	0.000000	5	6	3	11	0.000000	
A	af_filter	0.55	sup	50	INDEL	default_pass	14	0.992409	0.975004	1.000000	46	14	0.000000	2	12	0	11	0.000000	
A	af_filter	0.60	sup	50	INDEL	default_pass	14	0.992409	0.975004	1.000000	46	14	0.000000	2	12	0	11	0.000000	
A	af_filter	0.65	sup	50	INDEL	default_pass	14	0.992409	0.975004	1.000000	47	14	0.000000	1	13	0	10	0.000000	
A	af_filter	0.70	sup	50	INDEL	default_pass	14	0.991858	0.975004	1.000000	48	14	0.000000	0	14	0	9	0.000000	
A	af_filter	0.75	sup	50	INDEL	default_pass	14	0.991858	0.975004	1.000000	48	14	0.000000	0	14	0	9	0.000000	
A	af_filter	0.80	sup	50	INDEL	default_pass	14	0.991858	0.975004	1.000000	48	14	0.000000	0	14	0	9	0.000000	
C	main		sup	50	INDEL	default_pass	14	0.992233	0.975004	1.000000	48	13							
C	af_filter	0.50	sup	50	INDEL	default_pass	14	0.993216	0.976544	1.000000	43	16	0.000000	5	6	3	11	0.000000	
C	af_filter	0.55	sup	50	INDEL	default_pass	14	0.992784	0.975004	1.000000	46	13	0.000000	2	12	0	11	0.000000	
C	af_filter	0.60	sup	50	INDEL	default_pass	14	0.992784	0.975004	1.000000	46	13	0.000000	2	12	0	11	0.000000	
C	af_filter	0.65	sup	50	INDEL	default_pass	14	0.992784	0.975004	1.000000	47	13	0.000000	1	13	0	10	0.000000	
C	af_filter	0.70	sup	50	INDEL	default_pass	14	0.992233	0.975004	1.000000	48	13	0.000000	0	14	0	9	0.000000	
C	af_filter	0.75	sup	50	INDEL	default_pass	14	0.992233	0.975004	1.000000	48	13	0.000000	0	14	0	9	0.000000	
C	af_filter	0.80	sup	50	INDEL	default_pass	14	0.992233	0.975004	1.000000	48	13	0.000000	0	14	0	9	0.000000	
D	main		sup	50	INDEL	default_pass	14	0.987410	0.975087	1.000000	64	24							
A	main		sup	5	INDEL	sweep_best	14	0.934666	0.880893	0.974584	349	58							
A	af_filter	0.50	sup	5	INDEL	sweep_best	14	0.909440	0.797230	0.963626	204	353	-0.022230	3	0	11	0	0.030711	
A	af_filter	0.55	sup	5	INDEL	sweep_best	14	0.909440	0.812004	0.963545	206	323	-0.018751	3	0	11	0	0.025685	
A	af_filter	0.60	sup	5	INDEL	sweep_best	14	0.909440	0.812004	0.963545	206	323	-0.018751	3	0	11	0	0.025685	
A	af_filter	0.65	sup	5	INDEL	sweep_best	14	0.949334	0.880523	0.984670	251	91	0.009688	13	0	1	11	0.000000	
A	af_filter	0.70	sup	5	INDEL	sweep_best	14	0.949334	0.877070	0.986041	252	88	0.010390	13	0	1	13	0.000000	
A	af_filter	0.75	sup	5	INDEL	sweep_best	14	0.949334	0.877070	0.986041	252	88	0.010390	13	0	1	13	0.000000	
A	af_filter	0.80	sup	5	INDEL	sweep_best	14	0.949334	0.877070	0.984623	255	88	0.009681	13	0	1	10	0.000000	
C	main		sup	5	INDEL	sweep_best	14	0.934666	0.880893	0.974584	349	58							
C	af_filter	0.50	sup	5	INDEL	sweep_best	14	0.909440	0.797230	0.963626	204	351	-0.022230	3	0	11	0	0.030711	
C	af_filter	0.55	sup	5	INDEL	sweep_best	14	0.909440	0.812004	0.963545	206	323	-0.018751	3	0	11	0	0.025685	
C	af_filter	0.60	sup	5	INDEL	sweep_best	14	0.909440	0.812004	0.963545	206	323	-0.018751	3	0	11	0	0.025685	
C	af_filter	0.65	sup	5	INDEL	sweep_best	14	0.949937	0.880523	0.984670	251	90	0.010070	13	0	1	11	0.000000	
C	af_filter	0.70	sup	5	INDEL	sweep_best	14	0.949937	0.877070	0.986041	252	87	0.010992	13	0	1	13	0.000000	
C	af_filter	0.75	sup	5	INDEL	sweep_best	14	0.949937	0.877070	0.986041	252	87	0.010992	13	0	1	13	0.000000	
C	af_filter	0.80	sup	5	INDEL	sweep_best	14	0.949937	0.877070	0.984623	255	87	0.010284	13	0	1	10	0.000000	
D	main		sup	5	INDEL	sweep_best	14	0.910089	0.751626	0.951644	410	203							
A	main		sup	10	INDEL	sweep_best	14	0.972044	0.951086	0.993027	152	19							
A	af_filter	0.50	sup	10	INDEL	sweep_best	14	0.973878	0.922310	0.990639	91	89	-0.002789	6	0	8	2	0.008136	0.624511
A	af_filter	0.55	sup	10	INDEL	sweep_best	14	0.981893	0.945779	0.991532	99	46	0.003199	10	1	3	6	0.002232	3.353021
A	af_filter	0.60	sup	10	INDEL	sweep_best	14	0.981893	0.942576	0.991532	100	46	0.003199	10	1	3	6	0.002232	3.353021
A	af_filter	0.65	sup	10	INDEL	sweep_best	14	0.975993	0.948600	0.993027	127	24	0.003099	9	3	2	6	0.001337	1.344511
A	af_filter	0.70	sup	10	INDEL	sweep_best	14	0.973443	0.951086	0.993027	142	19	0.000000	6	8	0	4	0.003538	0.476255
A	af_filter	0.75	sup	10	INDEL	sweep_best	14	0.973443	0.951086	0.993027	142	19	0.000000	6	8	0	4	0.003538	0.476255
A	af_filter	0.80	sup	10	INDEL	sweep_best	14	0.973443	0.951086	0.993027	142	19	0.000000	6	8	0	4	0.003538	0.476255
C	main		sup	10	INDEL	sweep_best	14	0.972044	0.947859	0.991620	154	21							
C	af_filter	0.50	sup	10	INDEL	sweep_best	14	0.973878	0.922310	0.990639	90	93	-0.002789	6	0	8	2	0.008136	0.624511
C	af_filter	0.55	sup	10	INDEL	sweep_best	14	0.981893	0.943756	0.991532	97	51	0.003199	10	1	3	6	0.002232	3.353021
C	af_filter	0.60	sup	10	INDEL	sweep_best	14	0.981893	0.940595	0.991532	98	51	0.003199	10	1	3	6	0.002232	3.353021
C	af_filter	0.65	sup	10	INDEL	sweep_best	14	0.975993	0.948600	0.993027	127	26	0.003099	11	2	1	7	0.000094	1.344511
C	af_filter	0.70	sup	10	INDEL	sweep_best	14	0.973443	0.947859	0.991620	144	21	0.000000	6	8	0	2	0.003538	0.476255
C	af_filter	0.75	sup	10	INDEL	sweep_best	14	0.973443	0.947859	0.991620	144	21	0.000000	6	8	0	2	0.003538	0.476255
C	af_filter	0.80	sup	10	INDEL	sweep_best	14	0.973443	0.947859	0.991620	144	21	0.000000	6	8	0	2	0.003538	0.476255
D	main		sup	10	INDEL	sweep_best	14	0.974981	0.927562	0.988462	138	57							
A	main		sup	25	INDEL	sweep_best	14	0.991782	0.978906	1.000000	63	6							
A	af_filter	0.50	sup	25	INDEL	sweep_best	14	0.993653	0.975662	1.000000	44	11	0.002142	11	2	1	11	0.000000	
A	af_filter	0.55	sup	25	INDEL	sweep_best	14	0.994155	0.975662	1.000000	48	9	0.001849	10	3	1	10	0.000000	
A	af_filter	0.60	sup	25	INDEL	sweep_best	14	0.992232	0.979424	1.000000	52	7	0.001335	9	5	0	8	0.000000	
A	af_filter	0.65	sup	25	INDEL	sweep_best	14	0.992046	0.978906	1.000000	57	6	0.000000	5	9	0	5	0.001719	
A	af_filter	0.70	sup	25	INDEL	sweep_best	14	0.991782	0.978906	1.000000	62	6	0.000000	1	13	0	3	0.002460	
A	af_filter	0.75	sup	25	INDEL	sweep_best	14	0.991782	0.978906	1.000000	62	6	0.000000	1	13	0	3	0.002460	
A	af_filter	0.80	sup	25	INDEL	sweep_best	14	0.991782	0.978906	1.000000	63	6	0.000000	0	14	0	3	0.002460	
C	main		sup	25	INDEL	sweep_best	14	0.991782	0.978906	1.000000	63	6							
C	af_filter	0.50	sup	25	INDEL	sweep_best	14	0.993653	0.975662	1.000000	44	11	0.002142	11	2	1	11	0.000000	
C	af_filter	0.55	sup	25	INDEL	sweep_best	14	0.994155	0.975662	1.000000	48	9	0.001849	10	3	1	10	0.000000	
C	af_filter	0.60	sup	25	INDEL	sweep_best	14	0.992232	0.979424	1.000000	52	7	0.001335	9	5	0	8	0.000000	
C	af_filter	0.65	sup	25	INDEL	sweep_best	14	0.992046	0.978906	1.000000	57	6	0.000000	5	9	0	5	0.001719	
C	af_filter	0.70	sup	25	INDEL	sweep_best	14	0.991782	0.978906	1.000000	62	6	0.000000	1	13	0	3	0.002460	
C	af_filter	0.75	sup	25	INDEL	sweep_best	14	0.991782	0.978906	1.000000	63	6	0.000000	0	14	0	3	0.002460	
C	af_filter	0.80	sup	25	INDEL	sweep_best	14	0.991782	0.978906	1.000000	63	6	0.000000	0	14	0	3	0.002460	
D	main		sup	25	INDEL	sweep_best	14	0.989588	0.979714	0.996845	56	21							
A	main		sup	50	INDEL	sweep_best	14	0.995229	0.975148	1.000000	39	6							
A	af_filter	0.50	sup	50	INDEL	sweep_best	14	0.995435	0.977466	1.000000	30	14	0.000000	6	5	3	11	0.000000	
A	af_filter	0.55	sup	50	INDEL	sweep_best	14	0.995435	0.975148	1.000000	35	8	0.000000	4	10	0	11	0.000000	
A	af_filter	0.60	sup	50	INDEL	sweep_best	14	0.995435	0.975148	1.000000	36	7	0.000000	3	11	0	10	0.000000	
A	af_filter	0.65	sup	50	INDEL	sweep_best	14	0.995435	0.975148	1.000000	38	6	0.000000	1	13	0	8	0.000000	
A	af_filter	0.70	sup	50	INDEL	sweep_best	14	0.995229	0.975148	1.000000	39	6	0.000000	0	14	0	7	0.000009	
A	af_filter	0.75	sup	50	INDEL	sweep_best	14	0.995229	0.975148	1.000000	39	6	0.000000	0	14	0	7	0.000009	
A	af_filter	0.80	sup	50	INDEL	sweep_best	14	0.995229	0.975148	1.000000	39	6	0.000000	0	14	0	7	0.000009	
C	main		sup	50	INDEL	sweep_best	14	0.995229	0.975148	1.000000	39	6							
C	af_filter	0.50	sup	50	INDEL	sweep_best	14	0.995435	0.977466	1.000000	30	14	0.000000	6	5	3	11	0.000000	
C	af_filter	0.55	sup	50	INDEL	sweep_best	14	0.995435	0.975148	1.000000	35	8	0.000000	4	10	0	11	0.000000	
C	af_filter	0.60	sup	50	INDEL	sweep_best	14	0.995435	0.975148	1.000000	36	7	0.000000	3	11	0	10	0.000000	
C	af_filter	0.65	sup	50	INDEL	sweep_best	14	0.995435	0.975148	1.000000	38	6	0.000000	1	13	0	8	0.000000	
C	af_filter	0.70	sup	50	INDEL	sweep_best	14	0.995229	0.975148	1.000000	39	6	0.000000	0	14	0	7	0.000009	
C	af_filter	0.75	sup	50	INDEL	sweep_best	14	0.995229	0.975148	1.000000	39	6	0.000000	0	14	0	7	0.000009	
C	af_filter	0.80	sup	50	INDEL	sweep_best	14	0.995229	0.975148	1.000000	39	6	0.000000	0	14	0	7	0.000009	
D	main		sup	50	INDEL	sweep_best	14	0.990338	0.977406	1.000000	56	20							
A	main		sup	5	SNP	default_pass	14	0.994193	0.974198	0.997029	2767	162							
A	af_filter	0.50	sup	5	SNP	default_pass	14	0.996873	0.964598	0.998320	363	1713	0.001982	11	0	3	0	0.001169	1.841635
A	af_filter	0.55	sup	5	SNP	default_pass	14	0.997348	0.976268	0.998521	384	1348	0.002313	11	0	3	3	0.000867	2.167296
A	af_filter	0.60	sup	5	SNP	default_pass	14	0.997348	0.976268	0.998521	384	1348	0.002313	11	0	3	3	0.000867	2.167296
A	af_filter	0.65	sup	5	SNP	default_pass	14	0.997705	0.991866	0.998790	836	272	0.002808	14	0	0	4	0.000057	2.412917
A	af_filter	0.70	sup	5	SNP	default_pass	14	0.997716	0.991897	0.998798	840	260	0.002926	14	0	0	9	0.000000	2.420474
A	af_filter	0.75	sup	5	SNP	default_pass	14	0.997716	0.991897	0.998798	840	260	0.002926	14	0	0	9	0.000000	2.420474
A	af_filter	0.80	sup	5	SNP	default_pass	14	0.997419	0.990485	0.998738	942	247	0.002620	14	0	0	1	0.000119	2.216420
C	main		sup	5	SNP	default_pass	14	0.994177	0.974362	0.997020	2746	160							
C	af_filter	0.50	sup	5	SNP	default_pass	14	0.996927	0.964598	0.998320	370	1704	0.001959	11	0	3	0	0.001156	1.868797
C	af_filter	0.55	sup	5	SNP	default_pass	14	0.997374	0.976268	0.998521	391	1346	0.002313	11	0	3	3	0.000885	2.173012
C	af_filter	0.60	sup	5	SNP	default_pass	14	0.997374	0.976268	0.998521	391	1346	0.002313	11	0	3	3	0.000885	2.173012
C	af_filter	0.65	sup	5	SNP	default_pass	14	0.997694	0.991930	0.998790	837	268	0.002687	14	0	0	5	0.000042	2.390891
C	af_filter	0.70	sup	5	SNP	default_pass	14	0.997734	0.991960	0.998798	839	257	0.002805	14	0	0	10	0.000000	2.417743
C	af_filter	0.75	sup	5	SNP	default_pass	14	0.997734	0.991960	0.998798	839	257	0.002805	14	0	0	10	0.000000	2.417743
C	af_filter	0.80	sup	5	SNP	default_pass	14	0.997403	0.990549	0.998738	943	244	0.002499	14	0	0	1	0.000130	2.193066
D	main		sup	5	SNP	default_pass	14	0.995648	0.962895	0.998032	279	2295							
A	main		sup	10	SNP	default_pass	14	0.998019	0.977102	0.999627	1928	37							
A	af_filter	0.50	sup	10	SNP	default_pass	14	0.999133	0.990886	1.000000	69	522	0.001525	10	0	4	2	0.000615	0.673106
A	af_filter	0.55	sup	10	SNP	default_pass	14	0.999692	0.996396	1.000000	81	184	0.001658	12	0	2	4	0.000059	1.010263
A	af_filter	0.60	sup	10	SNP	default_pass	14	0.999706	0.996396	1.000000	83	177	0.001658	12	0	2	6	0.000059	1.018412
A	af_filter	0.65	sup	10	SNP	default_pass	14	0.999754	0.997679	1.000000	127	78	0.001629	12	1	1	7	0.000024	1.047993
A	af_filter	0.70	sup	10	SNP	default_pass	14	0.999582	0.994901	0.999907	247	43	0.001540	14	0	0	4	0.000117	0.943858
A	af_filter	0.75	sup	10	SNP	default_pass	14	0.999582	0.994901	0.999907	253	43	0.001540	14	0	0	4	0.000117	0.943858
A	af_filter	0.80	sup	10	SNP	default_pass	14	0.999495	0.991544	0.999907	318	41	0.001540	14	0	0	4	0.000117	0.891639
C	main		sup	10	SNP	default_pass	14	0.998058	0.977366	0.999627	1907	37							
C	af_filter	0.50	sup	10	SNP	default_pass	14	0.999133	0.990886	1.000000	69	522	0.001451	10	0	4	2	0.000658	0.665121
C	af_filter	0.55	sup	10	SNP	default_pass	14	0.999692	0.996396	1.000000	81	182	0.001584	12	0	2	4	0.000059	1.010513
C	af_filter	0.60	sup	10	SNP	default_pass	14	0.999706	0.996396	1.000000	83	177	0.001584	12	0	2	5	0.000103	1.018862
C	af_filter	0.65	sup	10	SNP	default_pass	14	0.999754	0.997679	1.000000	125	78	0.001555	12	1	1	7	0.000024	1.049165
C	af_filter	0.70	sup	10	SNP	default_pass	14	0.999582	0.995122	0.999907	252	41	0.001466	14	0	0	4	0.000117	0.942486
C	af_filter	0.75	sup	10	SNP	default_pass	14	0.999582	0.995122	0.999907	253	41	0.001466	14	0	0	4	0.000117	0.942486
C	af_filter	0.80	sup	10	SNP	default_pass	14	0.999495	0.991095	0.999907	319	41	0.001466	14	0	0	4	0.000117	0.888992
D	main		sup	10	SNP	default_pass	14	0.999675	0.996548	1.000000	90	129							
A	main		sup	25	SNP	default_pass	14	0.999786	0.996234	1.000000	230	11							
A	af_filter	0.50	sup	25	SNP	default_pass	14	0.999888	0.997960	1.000000	35	91	0.000000	6	3	5	6	0.000045	
A	af_filter	0.55	sup	25	SNP	default_pass	14	0.999928	0.998881	1.000000	36	44	0.000024	8	3	3	9	0.000000	
A	af_filter	0.60	sup	25	SNP	default_pass	14	0.999917	0.999153	1.000000	39	21	0.000044	9	4	1	9	0.000000	
A	af_filter	0.65	sup	25	SNP	default_pass	14	0.999921	0.999183	1.000000	42	11	0.000072	10	4	0	13	0.000000	
A	af_filter	0.70	sup	25	SNP	default_pass	14	0.999921	0.998231	1.000000	62	11	0.000072	10	4	0	11	0.000000	
A	af_filter	0.75	sup	25	SNP	default_pass	14	0.999912	0.997899	1.000000	71	11	0.000051	9	5	0	8	0.000000	
A	af_filter	0.80	sup	25	SNP	default_pass	14	0.999891	0.997899	1.000000	88	11	0.000018	8	6	0	5	0.000032	
C	main		sup	25	SNP	default_pass	14	0.999786	0.996234	1.000000	225	11							
C	af_filter	0.50	sup	25	SNP	default_pass	14	0.999915	0.997960	1.000000	35	89	0.000000	6	3	5	7	0.000013	
C	af_filter	0.55	sup	25	SNP	default_pass	14	0.999928	0.998881	1.000000	36	44	0.000024	8	3	3	8	0.000000	
C	af_filter	0.60	sup	25	SNP	default_pass	14	0.999917	0.999153	1.000000	39	21	0.000044	9	4	1	8	0.000000	
C	af_filter	0.65	sup	25	SNP	default_pass	14	0.999921	0.999183	1.000000	42	11	0.000072	10	4	0	12	0.000000	
C	af_filter	0.70	sup	25	SNP	default_pass	14	0.999921	0.998453	1.000000	60	11	0.000072	10	4	0	11	0.000000	
C	af_filter	0.75	sup	25	SNP	default_pass	14	0.999912	0.998121	1.000000	69	11	0.000051	9	5	0	8	0.000000	
C	af_filter	0.80	sup	25	SNP	default_pass	14	0.999891	0.997899	1.000000	87	11	0.000018	8	6	0	5	0.000032	
D	main		sup	25	SNP	default_pass	14	0.999780	0.999006	1.000000	75	22							
A	main		sup	50	SNP	default_pass	14	0.999909	0.998231	1.000000	49	5							
A	af_filter	0.50	sup	50	SNP	default_pass	14	1.000000	0.999136	1.000000	12	31	0.000011	7	4	3	10	0.000000	
A	af_filter	0.55	sup	50	SNP	default_pass	14	0.999987	0.999667	1.000000	14	10	0.000041	9	4	1	11	0.000000	
A	af_filter	0.60	sup	50	SNP	default_pass	14	0.999987	0.999758	1.000000	15	5	0.000054	10	4	0	13	0.000000	
A	af_filter	0.65	sup	50	SNP	default_pass	14	0.999972	0.999558	1.000000	24	5	0.000028	8	6	0	10	0.000000	
A	af_filter	0.70	sup	50	SNP	default_pass	14	0.999945	0.998674	1.000000	37	5	0.000004	7	7	0	7	0.000013	
A	af_filter	0.75	sup	50	SNP	default_pass	14	0.999924	0.998563	1.000000	39	5	0.000000	6	8	0	6	0.000028	
A	af_filter	0.80	sup	50	SNP	default_pass	14	0.999909	0.998453	1.000000	44	5	0.000000	3	11	0	5	0.000054	
C	main		sup	50	SNP	default_pass	14	0.999909	0.998342	1.000000	47	5							
C	af_filter	0.50	sup	50	SNP	default_pass	14	1.000000	0.999136	1.000000	12	31	0.000000	6	5	3	10	0.000000	
C	af_filter	0.55	sup	50	SNP	default_pass	14	0.999987	0.999667	1.000000	14	10	0.000041	8	5	1	11	0.000000	
C	af_filter	0.60	sup	50	SNP	default_pass	14	0.999987	0.999758	1.000000	15	5	0.000054	9	5	0	13	0.000000	
C	af_filter	0.65	sup	50	SNP	default_pass	14	0.999972	0.999667	1.000000	22	5	0.000017	7	7	0	10	0.000000	
C	af_filter	0.70	sup	50	SNP	default_pass	14	0.999945	0.998674	1.000000	37	5	0.000000	6	8	0	7	0.000013	
C	af_filter	0.75	sup	50	SNP	default_pass	14	0.999924	0.998674	1.000000	38	5	0.000000	5	9	0	6	0.000028	
C	af_filter	0.80	sup	50	SNP	default_pass	14	0.999909	0.998563	1.000000	43	5	0.000000	2	12	0	5	0.000054	
D	main		sup	50	SNP	default_pass	14	0.999829	0.998979	1.000000	73	16							
A	main		sup	5	SNP	sweep_best	14	0.994511	0.974198	0.997220	2706	156							
A	af_filter	0.50	sup	5	SNP	sweep_best	14	0.997070	0.965390	0.998521	295	1705	0.001964	11	0	3	0	0.001170	0.943922
A	af_filter	0.55	sup	5	SNP	sweep_best	14	0.997612	0.976939	0.998817	315	1343	0.002308	11	0	3	3	0.000860	1.143885
A	af_filter	0.60	sup	5	SNP	sweep_best	14	0.997612	0.976939	0.998817	315	1343	0.002308	11	0	3	3	0.000860	1.143885
A	af_filter	0.65	sup	5	SNP	sweep_best	14	0.997727	0.991835	0.998980	769	266	0.002887	14	0	0	4	0.000057	1.186497
A	af_filter	0.70	sup	5	SNP	sweep_best	14	0.997785	0.991865	0.998989	773	254	0.003005	14	0	0	9	0.000000	1.207711
A	af_filter	0.75	sup	5	SNP	sweep_best	14	0.997785	0.991865	0.998989	773	254	0.003005	14	0	0	9	0.000000	1.207711
A	af_filter	0.80	sup	5	SNP	sweep_best	14	0.997608	0.990485	0.998928	874	241	0.002699	14	0	0	1	0.000119	1.142409
C	main		sup	5	SNP	sweep_best	14	0.994511	0.974362	0.997211	2684	156							
C	af_filter	0.50	sup	5	SNP	sweep_best	14	0.997062	0.965390	0.998521	301	1698	0.001968	11	0	3	0	0.001157	0.940970
C	af_filter	0.55	sup	5	SNP	sweep_best	14	0.997625	0.976939	0.998817	321	1343	0.002306	11	0	3	3	0.000878	1.148681
C	af_filter	0.60	sup	5	SNP	sweep_best	14	0.997625	0.976939	0.998817	321	1343	0.002306	11	0	3	3	0.000878	1.148681
C	af_filter	0.65	sup	5	SNP	sweep_best	14	0.997706	0.991898	0.998980	769	264	0.002765	14	0	0	5	0.000043	1.178380
C	af_filter	0.70	sup	5	SNP	sweep_best	14	0.997763	0.991928	0.998989	771	253	0.002883	14	0	0	10	0.000000	1.199594
C	af_filter	0.75	sup	5	SNP	sweep_best	14	0.997763	0.991928	0.998989	771	253	0.002883	14	0	0	10	0.000000	1.199594
C	af_filter	0.80	sup	5	SNP	sweep_best	14	0.997553	0.990549	0.998928	874	240	0.002578	14	0	0	1	0.000131	1.121933
D	main		sup	5	SNP	sweep_best	14	0.997222	0.989833	0.998924	755	529							
A	main		sup	10	SNP	sweep_best	14	0.998058	0.977069	0.999627	1912	36							
A	af_filter	0.50	sup	10	SNP	sweep_best	14	0.999181	0.990965	1.000000	78	495	0.001525	10	0	4	2	0.000615	0.676710
A	af_filter	0.55	sup	10	SNP	sweep_best	14	0.999706	0.996475	1.000000	64	183	0.001658	12	0	2	4	0.000059	0.992769
A	af_filter	0.60	sup	10	SNP	sweep_best	14	0.999719	0.996475	1.000000	66	176	0.001658	12	0	2	6	0.000059	1.000904
A	af_filter	0.65	sup	10	SNP	sweep_best	14	0.999789	0.997900	1.000000	110	77	0.001629	12	1	1	7	0.000024	1.043085
A	af_filter	0.70	sup	10	SNP	sweep_best	14	0.999605	0.995124	0.999907	230	42	0.001540	14	0	0	4	0.000117	0.932208
A	af_filter	0.75	sup	10	SNP	sweep_best	14	0.999605	0.995124	0.999907	236	42	0.001540	14	0	0	4	0.000117	0.932208
A	af_filter	0.80	sup	10	SNP	sweep_best	14	0.999495	0.991656	0.999907	302	40	0.001540	14	0	0	4	0.000117	0.866225
C	main		sup	10	SNP	sweep_best	14	0.998098	0.977333	0.999627	1891	36							
C	af_filter	0.50	sup	10	SNP	sweep_best	14	0.999181	0.990965	1.000000	53	521	0.001451	10	0	4	2	0.000657	0.668827
C	af_filter	0.55	sup	10	SNP	sweep_best	14	0.999706	0.996475	1.000000	64	181	0.001584	12	0	2	4	0.000059	0.992593
C	af_filter	0.60	sup	10	SNP	sweep_best	14	0.999719	0.996475	1.000000	66	176	0.001584	12	0	2	5	0.000103	1.000926
C	af_filter	0.65	sup	10	SNP	sweep_best	14	0.999789	0.997900	1.000000	108	77	0.001555	12	1	1	7	0.000024	1.044136
C	af_filter	0.70	sup	10	SNP	sweep_best	14	0.999605	0.995345	0.999907	235	40	0.001466	14	0	0	4	0.000117	0.930556
C	af_filter	0.75	sup	10	SNP	sweep_best	14	0.999605	0.995345	0.999907	236	40	0.001466	14	0	0	4	0.000117	0.930556
C	af_filter	0.80	sup	10	SNP	sweep_best	14	0.999495	0.991208	0.999907	303	40	0.001466	14	0	0	4	0.000117	0.862963
D	main		sup	10	SNP	sweep_best	14	0.999718	0.997799	1.000000	104	64							
A	main		sup	25	SNP	sweep_best	14	0.999803	0.996234	1.000000	216	7							
A	af_filter	0.50	sup	25	SNP	sweep_best	14	0.999928	0.998039	1.000000	21	86	0.000000	6	3	5	6	0.000045	25.200000
A	af_filter	0.55	sup	25	SNP	sweep_best	14	0.999944	0.998979	1.000000	22	40	0.000023	8	3	3	9	0.000000	28.300000
A	af_filter	0.60	sup	25	SNP	sweep_best	14	0.999944	0.999456	1.000000	25	17	0.000044	9	4	1	9	0.000000	28.300000
A	af_filter	0.65	sup	25	SNP	sweep_best	14	0.999944	0.999486	1.000000	28	7	0.000072	10	4	0	13	0.000000	28.300000
A	af_filter	0.70	sup	25	SNP	sweep_best	14	0.999944	0.998231	1.000000	48	7	0.000072	10	4	0	11	0.000000	28.300000
A	af_filter	0.75	sup	25	SNP	sweep_best	14	0.999944	0.997899	1.000000	57	7	0.000051	9	5	0	8	0.000000	28.300000
A	af_filter	0.80	sup	25	SNP	sweep_best	14	0.999928	0.997899	1.000000	74	7	0.000018	8	6	0	5	0.000032	25.200000
C	main		sup	25	SNP	sweep_best	14	0.999803	0.996234	1.000000	211	7							
C	af_filter	0.50	sup	25	SNP	sweep_best	14	0.999939	0.998039	1.000000	21	84	0.000000	6	3	5	7	0.000013	27.300000
C	af_filter	0.55	sup	25	SNP	sweep_best	14	0.999944	0.998979	1.000000	22	40	0.000023	8	3	3	8	0.000000	28.300000
C	af_filter	0.60	sup	25	SNP	sweep_best	14	0.999944	0.999456	1.000000	25	17	0.000044	9	4	1	8	0.000000	28.300000
C	af_filter	0.65	sup	25	SNP	sweep_best	14	0.999944	0.999486	1.000000	28	7	0.000072	10	4	0	12	0.000000	28.300000
C	af_filter	0.70	sup	25	SNP	sweep_best	14	0.999944	0.998453	1.000000	46	7	0.000072	10	4	0	11	0.000000	28.300000
C	af_filter	0.75	sup	25	SNP	sweep_best	14	0.999944	0.998121	1.000000	55	7	0.000051	9	5	0	8	0.000000	28.300000
C	af_filter	0.80	sup	25	SNP	sweep_best	14	0.999928	0.997899	1.000000	73	7	0.000018	8	6	0	5	0.000032	25.200000
D	main		sup	25	SNP	sweep_best	14	0.999807	0.999136	1.000000	75	14							
A	main		sup	50	SNP	sweep_best	14	0.999916	0.998231	1.000000	47	3							
A	af_filter	0.50	sup	50	SNP	sweep_best	14	1.000000	0.999215	1.000000	10	29	0.000011	7	4	3	10	0.000000	
A	af_filter	0.55	sup	50	SNP	sweep_best	14	0.999996	0.999697	1.000000	12	8	0.000041	9	3	2	11	0.000000	
A	af_filter	0.60	sup	50	SNP	sweep_best	14	0.999996	0.999788	1.000000	13	3	0.000054	10	4	0	13	0.000000	
A	af_filter	0.65	sup	50	SNP	sweep_best	14	0.999980	0.999558	1.000000	22	3	0.000028	8	6	0	10	0.000000	
A	af_filter	0.70	sup	50	SNP	sweep_best	14	0.999953	0.998674	1.000000	35	3	0.000004	7	7	0	7	0.000013	
A	af_filter	0.75	sup	50	SNP	sweep_best	14	0.999931	0.998563	1.000000	37	3	0.000000	6	8	0	6	0.000028	
A	af_filter	0.80	sup	50	SNP	sweep_best	14	0.999916	0.998453	1.000000	42	3	0.000000	3	11	0	5	0.000054	
C	main		sup	50	SNP	sweep_best	14	0.999916	0.998342	1.000000	45	3							
C	af_filter	0.50	sup	50	SNP	sweep_best	14	1.000000	0.999215	1.000000	10	29	0.000000	6	5	3	10	0.000000	
C	af_filter	0.55	sup	50	SNP	sweep_best	14	0.999996	0.999697	1.000000	12	8	0.000041	8	4	2	11	0.000000	
C	af_filter	0.60	sup	50	SNP	sweep_best	14	0.999996	0.999788	1.000000	13	3	0.000054	9	5	0	13	0.000000	
C	af_filter	0.65	sup	50	SNP	sweep_best	14	0.999980	0.999698	1.000000	20	3	0.000017	7	7	0	10	0.000000	
C	af_filter	0.70	sup	50	SNP	sweep_best	14	0.999953	0.998674	1.000000	35	3	0.000000	6	8	0	7	0.000013	
C	af_filter	0.75	sup	50	SNP	sweep_best	14	0.999931	0.998674	1.000000	36	3	0.000000	5	9	0	6	0.000028	
C	af_filter	0.80	sup	50	SNP	sweep_best	14	0.999916	0.998563	1.000000	41	3	0.000000	2	12	0	5	0.000054	
D	main		sup	50	SNP	sweep_best	14	0.999837	0.998979	1.000000	71	12							
