sample	read_model	depth	contig	length	num_reads	breadth_pct	mean_depth
ATCC_10708__202309	hac	5	chromosome	4752360	8725	99.9874	5.02675
ATCC_10708__202309	hac	5	plasmid	49607	117	99.9335	5.127
ATCC_10708__202309	hac	10	chromosome	4752360	17183	99.9891	10.0492
ATCC_10708__202309	hac	10	plasmid	49607	204	99.9516	10.349
ATCC_10708__202309	hac	25	chromosome	4752360	42497	99.9944	25.1121
ATCC_10708__202309	hac	25	plasmid	49607	510	99.9637	26.6815
ATCC_10708__202309	hac	50	chromosome	4752360	85271	99.9973	50.2209
ATCC_10708__202309	hac	50	plasmid	49607	1056	99.9758	53.0617
ATCC_10708__202309	sup	5	chromosome	4752360	8620	99.9859	5.05048
ATCC_10708__202309	sup	5	plasmid	49607	87	99.9335	5.43552
ATCC_10708__202309	sup	10	chromosome	4752360	17175	99.9885	10.1085
ATCC_10708__202309	sup	10	plasmid	49607	240	99.9516	10.8833
ATCC_10708__202309	sup	25	chromosome	4752360	42844	99.9926	25.2774
ATCC_10708__202309	sup	25	plasmid	49607	550	99.9536	26.3982
ATCC_10708__202309	sup	50	chromosome	4752360	85636	99.9955	50.4345
ATCC_10708__202309	sup	50	plasmid	49607	1098	99.9617	53.4621
ATCC_17802__202309	hac	5	chromosome_1	3281403	5221	99.9916	5.00534
ATCC_17802__202309	hac	5	chromosome_2	1865601	3009	99.9833	4.99115
ATCC_17802__202309	hac	10	chromosome_1	3281403	10499	99.9936	10.0196
ATCC_17802__202309	hac	10	chromosome_2	1865601	5856	99.9883	9.97767
ATCC_17802__202309	hac	25	chromosome_1	3281403	26101	99.997	24.9933
ATCC_17802__202309	hac	25	chromosome_2	1865601	14664	99.9937	24.9333
ATCC_17802__202309	hac	50	chromosome_1	3281403	52445	99.9984	49.9656
ATCC_17802__202309	hac	50	chromosome_2	1865601	28896	99.9967	49.9502
ATCC_17802__202309	sup	5	chromosome_1	3281403	5281	99.9914	5.0224
ATCC_17802__202309	sup	5	chromosome_2	1865601	2768	99.9798	5.0062
ATCC_17802__202309	sup	10	chromosome_1	3281403	10361	99.9931	10.0468
ATCC_17802__202309	sup	10	chromosome_2	1865601	5809	99.9827	9.99917
ATCC_17802__202309	sup	25	chromosome_1	3281403	26472	99.9963	25.0915
ATCC_17802__202309	sup	25	chromosome_2	1865601	14525	99.9888	25.1271
ATCC_17802__202309	sup	50	chromosome_1	3281403	52592	99.9981	50.2005
ATCC_17802__202309	sup	50	chromosome_2	1865601	28712	99.9931	50.2129
ATCC_25922__202309	hac	5	chromosome	5132035	8273	99.9976	5.0141
ATCC_25922__202309	hac	5	plasmid_1	48488	89	100	5.43308
ATCC_25922__202309	hac	5	plasmid_2	24185	43	100	6.75026
ATCC_25922__202309	hac	5	plasmid_3	3173	26	100	8.8607
ATCC_25922__202309	hac	5	plasmid_4	1919	17	100	7.89526
ATCC_25922__202309	hac	10	chromosome	5132035	16342	99.9981	10.0216
ATCC_25922__202309	hac	10	plasmid_1	48488	146	100	12.1256
ATCC_25922__202309	hac	10	plasmid_2	24185	78	100	12.951
ATCC_25922__202309	hac	10	plasmid_3	3173	39	100	14.5225
ATCC_25922__202309	hac	10	plasmid_4	1919	39	100	17.32
ATCC_25922__202309	hac	25	chromosome	5132035	41035	99.9992	25.0374
ATCC_25922__202309	hac	25	plasmid_1	48488	462	100	31.2315
ATCC_25922__202309	hac	25	plasmid_2	24185	202	100	31.4156
ATCC_25922__202309	hac	25	plasmid_3	3173	108	100	36.1434
ATCC_25922__202309	hac	25	plasmid_4	1919	98	100	39.5581
ATCC_25922__202309	hac	50	chromosome	5132035	81097	99.9998	50.0632
ATCC_25922__202309	hac	50	plasmid_1	48488	901	100	59.1044
ATCC_25922__202309	hac	50	plasmid_2	24185	440	100	61.7803
ATCC_25922__202309	hac	50	plasmid_3	3173	224	100	72.7403
ATCC_25922__202309	hac	50	plasmid_4	1919	184	100	73.8484
ATCC_25922__202309	sup	5	chromosome	5132035	7959	99.9973	5.0333
ATCC_25922__202309	sup	5	plasmid_1	48488	83	100	5.94205
ATCC_25922__202309	sup	5	plasmid_2	24185	34	100	5.90209
ATCC_25922__202309	sup	5	plasmid_3	3173	25	100	7.93003
ATCC_25922__202309	sup	5	plasmid_4	1919	18	100	6.23345
ATCC_25922__202309	sup	10	chromosome	5132035	16070	99.9981	10.0446
ATCC_25922__202309	sup	10	plasmid_1	48488	178	100	12.0353
ATCC_25922__202309	sup	10	plasmid_2	24185	70	100	12.7335
ATCC_25922__202309	sup	10	plasmid_3	3173	45	100	13.8991
ATCC_25922__202309	sup	10	plasmid_4	1919	41	100	14.5341
ATCC_25922__202309	sup	25	chromosome	5132035	39975	99.9986	25.1348
ATCC_25922__202309	sup	25	plasmid_1	48488	408	100	30.2699
ATCC_25922__202309	sup	25	plasmid_2	24185	190	100	30.849
ATCC_25922__202309	sup	25	plasmid_3	3173	103	100	36.2758
ATCC_25922__202309	sup	25	plasmid_4	1919	96	100	34.3299
ATCC_25922__202309	sup	50	chromosome	5132035	79144	99.9993	50.253
ATCC_25922__202309	sup	50	plasmid_1	48488	765	100	60.9092
ATCC_25922__202309	sup	50	plasmid_2	24185	381	100	63.1766
ATCC_25922__202309	sup	50	plasmid_3	3173	202	100	70.7784
ATCC_25922__202309	sup	50	plasmid_4	1919	178	100	68.1084
ATCC_33560__202309	hac	5	chromosome	1768391	1642	99.9868	4.98537
ATCC_33560__202309	hac	10	chromosome	1768391	3350	99.9912	10.0312
ATCC_33560__202309	hac	25	chromosome	1768391	8404	99.9946	24.9886
ATCC_33560__202309	hac	50	chromosome	1768391	16878	99.9977	49.9824
ATCC_33560__202309	sup	5	chromosome	1768391	1723	99.9851	4.99502
ATCC_33560__202309	sup	10	chromosome	1768391	3315	99.988	10.0167
ATCC_33560__202309	sup	25	chromosome	1768391	8390	99.9929	25.1054
ATCC_33560__202309	sup	50	chromosome	1768391	16823	99.9955	50.134
ATCC_35221__202309	hac	5	chromosome	1513295	1504	99.9948	5.00198
ATCC_35221__202309	hac	10	chromosome	1513295	2917	99.9962	10.0535
ATCC_35221__202309	hac	25	chromosome	1513295	7191	99.9976	24.9946
ATCC_35221__202309	hac	50	chromosome	1513295	14070	99.9991	50.1192
ATCC_35221__202309	sup	5	chromosome	1513295	1429	99.9946	5.00132
ATCC_35221__202309	sup	10	chromosome	1513295	2774	99.995	10.0923
ATCC_35221__202309	sup	25	chromosome	1513295	7086	99.9956	25.1562
ATCC_35221__202309	sup	50	chromosome	1513295	14294	99.9981	50.3116
ATCC_19119__202309	hac	5	chromosome	2919213	3214	99.9875	4.99605
ATCC_19119__202309	hac	10	chromosome	2919213	6406	99.99	9.97817
ATCC_19119__202309	hac	25	chromosome	2919213	16107	99.9951	24.9721
ATCC_19119__202309	hac	50	chromosome	2919213	32405	99.9974	50.008
ATCC_19119__202309	sup	5	chromosome	2919213	3199	99.9865	5.01865
ATCC_19119__202309	sup	10	chromosome	2919213	6570	99.989	10.0711
ATCC_19119__202309	sup	25	chromosome	2919213	16266	99.9937	25.1349
ATCC_19119__202309	sup	50	chromosome	2919213	32087	99.9967	50.1932
ATCC_35897__202309	hac	5	chromosome	2814156	2674	99.994	4.99588
ATCC_35897__202309	hac	10	chromosome	2814156	5235	99.9957	9.96797
ATCC_35897__202309	hac	25	chromosome	2814156	13379	99.9983	24.9345
ATCC_35897__202309	hac	50	chromosome	2814156	26572	99.9993	49.9342
ATCC_35897__202309	sup	5	chromosome	2814156	2660	99.9928	5.00245
ATCC_35897__202309	sup	10	chromosome	2814156	5346	99.9955	10.0211
ATCC_35897__202309	sup	25	chromosome	2814156	13406	99.9976	25.0219
ATCC_35897__202309	sup	50	chromosome	2814156	26345	99.9984	50.1168
ATCC_BAA-679__202309	hac	5	chromosome	2944509	3292	99.9971	4.99387
ATCC_BAA-679__202309	hac	10	chromosome	2944509	6659	99.9981	9.96692
ATCC_BAA-679__202309	hac	25	chromosome	2944509	16284	99.9993	24.9019
ATCC_BAA-679__202309	hac	50	chromosome	2944509	32343	99.9996	49.8635
ATCC_BAA-679__202309	sup	5	chromosome	2944509	3304	99.9976	4.99571
ATCC_BAA-679__202309	sup	10	chromosome	2944509	6644	99.9986	9.99681
ATCC_BAA-679__202309	sup	25	chromosome	2944509	16628	99.9985	25.0545
ATCC_BAA-679__202309	sup	50	chromosome	2944509	33094	99.9996	50.0556
BPH2947__202310	hac	5	chromosome	3049623	2133	99.9936	4.96921
BPH2947__202310	hac	5	plasmid_1	27319	52	100	5.29412
BPH2947__202310	hac	5	plasmid_2	3011	18	100	6.64231
BPH2947__202310	hac	10	chromosome	3049623	4218	99.9947	9.95696
BPH2947__202310	hac	10	plasmid_1	27319	88	100	10.8716
BPH2947__202310	hac	10	plasmid_2	3011	34	100	12.9904
BPH2947__202310	hac	25	chromosome	3049623	10922	99.9968	24.8297
BPH2947__202310	hac	25	plasmid_1	27319	213	100	28.5207
BPH2947__202310	hac	25	plasmid_2	3011	83	100	32.1495
BPH2947__202310	hac	50	chromosome	3049623	21457	99.9989	49.6809
BPH2947__202310	hac	50	plasmid_1	27319	420	100	56.4472
BPH2947__202310	hac	50	plasmid_2	3011	169	100	64.5211
BPH2947__202310	sup	5	chromosome	3049623	2128	99.9931	5.01071
BPH2947__202310	sup	5	plasmid_1	27319	38	100	6.23855
BPH2947__202310	sup	5	plasmid_2	3011	19	100	6.05779
BPH2947__202310	sup	10	chromosome	3049623	4374	99.9946	10.0032
BPH2947__202310	sup	10	plasmid_1	27319	84	100	12.367
BPH2947__202310	sup	10	plasmid_2	3011	37	100	12.2591
BPH2947__202310	sup	25	chromosome	3049623	10700	99.9965	24.9324
BPH2947__202310	sup	25	plasmid_1	27319	201	100	29.49
BPH2947__202310	sup	25	plasmid_2	3011	85	100	30.2856
BPH2947__202310	sup	50	chromosome	3049623	21566	99.9981	49.8439
BPH2947__202310	sup	50	plasmid_1	27319	391	100	58.1262
BPH2947__202310	sup	50	plasmid_2	3011	158	100	60.8183
AJ292__202310	hac	5	chromosome	5445005	2278	99.9973	4.96598
AJ292__202310	hac	10	chromosome	5445005	4621	99.9981	9.90201
AJ292__202310	hac	25	chromosome	5445005	11727	99.9994	24.7112
AJ292__202310	hac	50	chromosome	5445005	23435	99.9998	49.0186
AJ292__202310	sup	5	chromosome	5445005	2307	99.9976	4.99146
AJ292__202310	sup	10	chromosome	5445005	4645	99.9981	9.96665
AJ292__202310	sup	25	chromosome	5445005	11820	99.9991	24.8958
AJ292__202310	sup	50	chromosome	5445005	23495	99.9994	49.4465
KPC2__202310	hac	5	chromosome	5399960	2147	99.9964	4.88867
KPC2__202310	hac	5	plasmid_1	207201	106	99.999	5.27728
KPC2__202310	hac	5	plasmid_2	43380	22	100	5.97091
KPC2__202310	hac	5	plasmid_3	13841	20	100	7.69374
KPC2__202310	hac	10	chromosome	5399960	4308	99.9984	9.78023
KPC2__202310	hac	10	plasmid_1	207201	196	99.999	10.5212
KPC2__202310	hac	10	plasmid_2	43380	51	100	12.2661
KPC2__202310	hac	10	plasmid_3	13841	43	100	15.1259
KPC2__202310	hac	25	chromosome	5399960	10662	99.9994	24.2936
KPC2__202310	hac	25	plasmid_1	207201	482	100	25.944
KPC2__202310	hac	25	plasmid_2	43380	127	100	30.7695
KPC2__202310	hac	25	plasmid_3	13841	105	100	34.8768
KPC2__202310	hac	50	chromosome	5399960	20750	99.9998	46.8328
KPC2__202310	hac	50	plasmid_1	207201	919	100	51.4218
KPC2__202310	hac	50	plasmid_2	43380	244	100	60.1828
KPC2__202310	hac	50	plasmid_3	13841	190	100	65.9666
KPC2__202310	sup	5	chromosome	5399960	2186	99.9968	4.9266
KPC2__202310	sup	5	plasmid_1	207201	117	99.9981	5.45908
KPC2__202310	sup	5	plasmid_2	43380	31	100	7.14325
KPC2__202310	sup	5	plasmid_3	13841	23	100	7.62199
KPC2__202310	sup	10	chromosome	5399960	4380	99.9978	9.91447
KPC2__202310	sup	10	plasmid_1	207201	207	100	10.7164
KPC2__202310	sup	10	plasmid_2	43380	59	100	13.204
KPC2__202310	sup	10	plasmid_3	13841	41	100	14.3004
KPC2__202310	sup	25	chromosome	5399960	10836	99.9988	24.545
KPC2__202310	sup	25	plasmid_1	207201	481	100	25.9666
KPC2__202310	sup	25	plasmid_2	43380	138	100	31.3666
KPC2__202310	sup	25	plasmid_3	13841	101	100	33.1574
KPC2__202310	sup	50	chromosome	5399960	21100	99.9996	47.6472
KPC2__202310	sup	50	plasmid_1	207201	919	100	51.7841
KPC2__202310	sup	50	plasmid_2	43380	258	100	61.0812
KPC2__202310	sup	50	plasmid_3	13841	180	100	63.1513
RDH275__202311	hac	5	chromosome	1793372	2381	99.9949	4.9998
RDH275__202311	hac	10	chromosome	1793372	4724	99.9964	10.0001
RDH275__202311	hac	25	chromosome	1793372	11779	99.9984	25.0458
RDH275__202311	hac	50	chromosome	1793372	23395	99.9996	50.0522
RDH275__202311	sup	5	chromosome	1793372	2359	99.9943	5.04772
RDH275__202311	sup	10	chromosome	1793372	4772	99.9957	10.0866
RDH275__202311	sup	25	chromosome	1793372	11773	99.9979	25.188
RDH275__202311	sup	50	chromosome	1793372	23639	99.9988	50.3779
MMC234__202311	hac	5	chromosome	2204943	2277	99.9919	5.05645
MMC234__202311	hac	10	chromosome	2204943	4545	99.995	10.1505
MMC234__202311	hac	25	chromosome	2204943	11355	99.9983	25.292
MMC234__202311	hac	50	chromosome	2204943	22659	99.9992	50.526
MMC234__202311	sup	5	chromosome	2204943	2288	99.992	5.05795
MMC234__202311	sup	10	chromosome	2204943	4591	99.9935	10.1699
MMC234__202311	sup	25	chromosome	2204943	11448	99.9961	25.4389
MMC234__202311	sup	50	chromosome	2204943	22843	99.999	50.8524
AMtb_1__202402	hac	5	chromosome	4405537	5370	99.9918	4.9895
AMtb_1__202402	hac	10	chromosome	4405537	10728	99.9946	9.97874
AMtb_1__202402	hac	25	chromosome	4405537	26607	99.9971	24.9153
AMtb_1__202402	hac	50	chromosome	4405537	52727	99.9983	49.7272
AMtb_1__202402	sup	5	chromosome	4405537	5318	99.9902	5.02638
AMtb_1__202402	sup	10	chromosome	4405537	10703	99.9928	10.0506
AMtb_1__202402	sup	25	chromosome	4405537	26563	99.9958	25.0745
AMtb_1__202402	sup	50	chromosome	4405537	52961	99.9976	50.0629
