sample	species	dnd_sample	read_model	basecall_model	depth	calls	arm	af_threshold	calling_model	basecall_model_mismatch	scoring_mode	var_type	min_qual	precision	recall	f1	f1_qscore	truth_tp	query_tp	truth_fn	query_fp
ATCC_25922__202309	Escherichia coli	false	hac	dna_r10.4.1_e8.2_400bps_hac@v4.3.0	10	smallvar_haploid	D		dna_r10.4.1_e8.2_400bps_hac@v6.0.0_smallvar@v1.0	version	sweep_best	SNP	0	0.999552	0.984330	0.991883	20.906045	4460	4458	71	2
ATCC_25922__202309	Escherichia coli	false	hac	dna_r10.4.1_e8.2_400bps_hac@v4.3.0	10	smallvar_haploid	D		dna_r10.4.1_e8.2_400bps_hac@v6.0.0_smallvar@v1.0	version	sweep_best	INDEL	2	0.991453	0.961219	0.976102	16.216384	347	348	14	3
ATCC_25922__202309	Escherichia coli	false	hac	dna_r10.4.1_e8.2_400bps_hac@v4.3.0	10	smallvar_haploid	D		dna_r10.4.1_e8.2_400bps_hac@v6.0.0_smallvar@v1.0	version	sweep_best	ALL	2	0.999168	0.982420	0.990723	20.325924	4806	4805	86	4
ATCC_25922__202309	Escherichia coli	false	hac	dna_r10.4.1_e8.2_400bps_hac@v4.3.0	10	smallvar_haploid	D		dna_r10.4.1_e8.2_400bps_hac@v6.0.0_smallvar@v1.0	version	default_pass	SNP	0	0.999776	0.984109	0.991881	20.904975	4459	4457	72	1
ATCC_25922__202309	Escherichia coli	false	hac	dna_r10.4.1_e8.2_400bps_hac@v4.3.0	10	smallvar_haploid	D		dna_r10.4.1_e8.2_400bps_hac@v6.0.0_smallvar@v1.0	version	default_pass	INDEL	0	0.997118	0.955679	0.975959	16.190475	345	346	16	1
ATCC_25922__202309	Escherichia coli	false	hac	dna_r10.4.1_e8.2_400bps_hac@v4.3.0	10	smallvar_haploid	D		dna_r10.4.1_e8.2_400bps_hac@v6.0.0_smallvar@v1.0	version	default_pass	ALL	0	0.999584	0.982011	0.990720	20.324520	4804	4803	88	2
ATCC_25922__202309	Escherichia coli	false	hac	dna_r10.4.1_e8.2_400bps_hac@v4.3.0	10	main	C		r1041_e82_400bps_hac_v430	none	sweep_best	SNP	0	0.998650	0.980137	0.989307	19.709004	4441	4439	90	6
ATCC_25922__202309	Escherichia coli	false	hac	dna_r10.4.1_e8.2_400bps_hac@v4.3.0	10	main	C		r1041_e82_400bps_hac_v430	none	sweep_best	INDEL	1	0.982808	0.947368	0.964763	14.530011	342	343	19	6
ATCC_25922__202309	Escherichia coli	false	hac	dna_r10.4.1_e8.2_400bps_hac@v4.3.0	10	main	C		r1041_e82_400bps_hac_v430	none	sweep_best	ALL	1	0.997497	0.977719	0.987509	19.034028	4783	4782	109	12
ATCC_25922__202309	Escherichia coli	false	hac	dna_r10.4.1_e8.2_400bps_hac@v4.3.0	10	main	C		r1041_e82_400bps_hac_v430	none	default_pass	SNP	0	0.998650	0.979916	0.989194	19.663350	4440	4438	91	6
ATCC_25922__202309	Escherichia coli	false	hac	dna_r10.4.1_e8.2_400bps_hac@v4.3.0	10	main	C		r1041_e82_400bps_hac_v430	none	default_pass	INDEL	0	0.979710	0.933518	0.956056	13.571004	337	338	24	7
ATCC_25922__202309	Escherichia coli	false	hac	dna_r10.4.1_e8.2_400bps_hac@v4.3.0	10	main	C		r1041_e82_400bps_hac_v430	none	default_pass	ALL	0	0.997285	0.976492	0.986779	18.787357	4777	4776	115	13
ATCC_25922__202309	Escherichia coli	false	hac	dna_r10.4.1_e8.2_400bps_hac@v4.3.0	10	main	D		dna_r10.4.1_e8.2_400bps_polish_bacterial_methylation_v5.0.0	none	sweep_best	SNP	6	0.998673	0.997131	0.997901	26.779876	4518	4516	13	6
ATCC_25922__202309	Escherichia coli	false	hac	dna_r10.4.1_e8.2_400bps_hac@v4.3.0	10	main	D		dna_r10.4.1_e8.2_400bps_polish_bacterial_methylation_v5.0.0	none	sweep_best	INDEL	12	0.982558	0.933518	0.957410	13.706924	337	338	24	6
ATCC_25922__202309	Escherichia coli	false	hac	dna_r10.4.1_e8.2_400bps_hac@v4.3.0	10	main	D		dna_r10.4.1_e8.2_400bps_polish_bacterial_methylation_v5.0.0	none	sweep_best	ALL	7	0.994066	0.993254	0.993660	21.979107	4859	4858	33	29
ATCC_25922__202309	Escherichia coli	false	hac	dna_r10.4.1_e8.2_400bps_hac@v4.3.0	10	main	D		dna_r10.4.1_e8.2_400bps_polish_bacterial_methylation_v5.0.0	none	default_pass	SNP	0	0.996033	0.997793	0.996912	25.103227	4521	4519	10	18
ATCC_25922__202309	Escherichia coli	false	hac	dna_r10.4.1_e8.2_400bps_hac@v4.3.0	10	main	D		dna_r10.4.1_e8.2_400bps_polish_bacterial_methylation_v5.0.0	none	default_pass	INDEL	0	0.847826	0.969529	0.904603	10.204653	350	351	11	63
ATCC_25922__202309	Escherichia coli	false	hac	dna_r10.4.1_e8.2_400bps_hac@v4.3.0	10	main	D		dna_r10.4.1_e8.2_400bps_polish_bacterial_methylation_v5.0.0	none	default_pass	ALL	0	0.983640	0.995707	0.989637	19.845145	4871	4870	21	81
ATCC_25922__202309	Escherichia coli	false	hac	dna_r10.4.1_e8.2_400bps_hac@v4.3.0	10	af_filter	C	0.65	r1041_e82_400bps_hac_v430	none	sweep_best	SNP	0	0.998011	0.997352	0.997681	26.346993	4519	4517	12	9
ATCC_25922__202309	Escherichia coli	false	hac	dna_r10.4.1_e8.2_400bps_hac@v4.3.0	10	af_filter	C	0.65	r1041_e82_400bps_hac_v430	none	sweep_best	INDEL	1	0.974790	0.961219	0.967957	14.942668	347	348	14	9
ATCC_25922__202309	Escherichia coli	false	hac	dna_r10.4.1_e8.2_400bps_hac@v4.3.0	10	af_filter	C	0.65	r1041_e82_400bps_hac_v430	none	sweep_best	ALL	1	0.996314	0.994685	0.995499	23.466910	4866	4865	26	18
ATCC_25922__202309	Escherichia coli	false	hac	dna_r10.4.1_e8.2_400bps_hac@v4.3.0	10	af_filter	C	0.65	r1041_e82_400bps_hac_v430	none	default_pass	SNP	0	0.998011	0.997131	0.997571	26.145725	4518	4516	13	9
ATCC_25922__202309	Escherichia coli	false	hac	dna_r10.4.1_e8.2_400bps_hac@v4.3.0	10	af_filter	C	0.65	r1041_e82_400bps_hac_v430	none	default_pass	INDEL	0	0.974432	0.947368	0.960710	14.057180	342	343	19	9
ATCC_25922__202309	Escherichia coli	false	hac	dna_r10.4.1_e8.2_400bps_hac@v4.3.0	10	af_filter	C	0.65	r1041_e82_400bps_hac_v430	none	default_pass	ALL	0	0.996309	0.993459	0.994882	22.908997	4860	4859	32	18
ATCC_25922__202309	Escherichia coli	false	hac	dna_r10.4.1_e8.2_400bps_hac@v4.3.0	50	smallvar_haploid	D		dna_r10.4.1_e8.2_400bps_hac@v6.0.0_smallvar@v1.0	version	sweep_best	SNP	0	0.999547	0.974840	0.987039	18.873615	4417	4415	114	2
ATCC_25922__202309	Escherichia coli	false	hac	dna_r10.4.1_e8.2_400bps_hac@v4.3.0	50	smallvar_haploid	D		dna_r10.4.1_e8.2_400bps_hac@v6.0.0_smallvar@v1.0	version	sweep_best	INDEL	3	1.000000	0.988920	0.994429	22.540668	357	358	4	0
ATCC_25922__202309	Escherichia coli	false	hac	dna_r10.4.1_e8.2_400bps_hac@v4.3.0	50	smallvar_haploid	D		dna_r10.4.1_e8.2_400bps_hac@v6.0.0_smallvar@v1.0	version	sweep_best	ALL	0	0.999372	0.975879	0.987486	19.026038	4774	4773	118	3
ATCC_25922__202309	Escherichia coli	false	hac	dna_r10.4.1_e8.2_400bps_hac@v4.3.0	50	smallvar_haploid	D		dna_r10.4.1_e8.2_400bps_hac@v6.0.0_smallvar@v1.0	version	default_pass	SNP	0	0.999773	0.974178	0.986810	18.797552	4414	4412	117	1
ATCC_25922__202309	Escherichia coli	false	hac	dna_r10.4.1_e8.2_400bps_hac@v4.3.0	50	smallvar_haploid	D		dna_r10.4.1_e8.2_400bps_hac@v6.0.0_smallvar@v1.0	version	default_pass	INDEL	0	1.000000	0.988920	0.994429	22.540668	357	358	4	0
ATCC_25922__202309	Escherichia coli	false	hac	dna_r10.4.1_e8.2_400bps_hac@v4.3.0	50	smallvar_haploid	D		dna_r10.4.1_e8.2_400bps_hac@v6.0.0_smallvar@v1.0	version	default_pass	ALL	0	0.999790	0.975266	0.987376	18.988030	4771	4770	121	1
ATCC_25922__202309	Escherichia coli	false	hac	dna_r10.4.1_e8.2_400bps_hac@v4.3.0	50	main	C		r1041_e82_400bps_hac_v430	none	sweep_best	SNP	0	1.000000	0.989406	0.994675	22.736804	4483	4481	48	0
ATCC_25922__202309	Escherichia coli	false	hac	dna_r10.4.1_e8.2_400bps_hac@v4.3.0	50	main	C		r1041_e82_400bps_hac_v430	none	sweep_best	INDEL	1	1.000000	0.994460	0.997222	25.562678	359	360	2	0
ATCC_25922__202309	Escherichia coli	false	hac	dna_r10.4.1_e8.2_400bps_hac@v4.3.0	50	main	C		r1041_e82_400bps_hac_v430	none	sweep_best	ALL	1	1.000000	0.989779	0.994863	22.892904	4842	4841	50	0
ATCC_25922__202309	Escherichia coli	false	hac	dna_r10.4.1_e8.2_400bps_hac@v4.3.0	50	main	C		r1041_e82_400bps_hac_v430	none	default_pass	SNP	0	1.000000	0.989406	0.994675	22.736804	4483	4481	48	0
ATCC_25922__202309	Escherichia coli	false	hac	dna_r10.4.1_e8.2_400bps_hac@v4.3.0	50	main	C		r1041_e82_400bps_hac_v430	none	default_pass	INDEL	0	1.000000	0.994460	0.997222	25.562678	359	360	2	0
ATCC_25922__202309	Escherichia coli	false	hac	dna_r10.4.1_e8.2_400bps_hac@v4.3.0	50	main	C		r1041_e82_400bps_hac_v430	none	default_pass	ALL	0	1.000000	0.989779	0.994863	22.892904	4842	4841	50	0
ATCC_25922__202309	Escherichia coli	false	hac	dna_r10.4.1_e8.2_400bps_hac@v4.3.0	50	main	D		dna_r10.4.1_e8.2_400bps_polish_bacterial_methylation_v5.0.0	none	sweep_best	SNP	0	0.999779	0.998455	0.999117	30.540393	4524	4522	7	1
ATCC_25922__202309	Escherichia coli	false	hac	dna_r10.4.1_e8.2_400bps_hac@v4.3.0	50	main	D		dna_r10.4.1_e8.2_400bps_polish_bacterial_methylation_v5.0.0	none	sweep_best	INDEL	0	0.997199	0.983379	0.990241	20.105947	355	356	6	1
ATCC_25922__202309	Escherichia coli	false	hac	dna_r10.4.1_e8.2_400bps_hac@v4.3.0	50	main	D		dna_r10.4.1_e8.2_400bps_polish_bacterial_methylation_v5.0.0	none	sweep_best	ALL	0	0.999590	0.997343	0.998465	28.138916	4879	4878	13	2
ATCC_25922__202309	Escherichia coli	false	hac	dna_r10.4.1_e8.2_400bps_hac@v4.3.0	50	main	D		dna_r10.4.1_e8.2_400bps_polish_bacterial_methylation_v5.0.0	none	default_pass	SNP	0	0.999779	0.998455	0.999117	30.540393	4524	4522	7	1
ATCC_25922__202309	Escherichia coli	false	hac	dna_r10.4.1_e8.2_400bps_hac@v4.3.0	50	main	D		dna_r10.4.1_e8.2_400bps_polish_bacterial_methylation_v5.0.0	none	default_pass	INDEL	0	0.997199	0.983379	0.990241	20.105947	355	356	6	1
ATCC_25922__202309	Escherichia coli	false	hac	dna_r10.4.1_e8.2_400bps_hac@v4.3.0	50	main	D		dna_r10.4.1_e8.2_400bps_polish_bacterial_methylation_v5.0.0	none	default_pass	ALL	0	0.999590	0.997343	0.998465	28.138916	4879	4878	13	2
ATCC_25922__202309	Escherichia coli	false	hac	dna_r10.4.1_e8.2_400bps_hac@v4.3.0	50	af_filter	C	0.65	r1041_e82_400bps_hac_v430	none	sweep_best	SNP	0	1.000000	0.998234	0.999116	30.535477	4523	4521	8	0
ATCC_25922__202309	Escherichia coli	false	hac	dna_r10.4.1_e8.2_400bps_hac@v4.3.0	50	af_filter	C	0.65	r1041_e82_400bps_hac_v430	none	sweep_best	INDEL	1	1.000000	0.994460	0.997222	25.562678	359	360	2	0
ATCC_25922__202309	Escherichia coli	false	hac	dna_r10.4.1_e8.2_400bps_hac@v4.3.0	50	af_filter	C	0.65	r1041_e82_400bps_hac_v430	none	sweep_best	ALL	1	1.000000	0.997956	0.998977	29.901244	4882	4881	10	0
ATCC_25922__202309	Escherichia coli	false	hac	dna_r10.4.1_e8.2_400bps_hac@v4.3.0	50	af_filter	C	0.65	r1041_e82_400bps_hac_v430	none	default_pass	SNP	0	1.000000	0.998234	0.999116	30.535477	4523	4521	8	0
ATCC_25922__202309	Escherichia coli	false	hac	dna_r10.4.1_e8.2_400bps_hac@v4.3.0	50	af_filter	C	0.65	r1041_e82_400bps_hac_v430	none	default_pass	INDEL	0	1.000000	0.994460	0.997222	25.562678	359	360	2	0
ATCC_25922__202309	Escherichia coli	false	hac	dna_r10.4.1_e8.2_400bps_hac@v4.3.0	50	af_filter	C	0.65	r1041_e82_400bps_hac_v430	none	default_pass	ALL	0	1.000000	0.997956	0.998977	29.901244	4882	4881	10	0
ATCC_25922__202309	Escherichia coli	false	sup	dna_r10.4.1_e8.2_400bps_sup@v4.3.0	10	smallvar_haploid	D		dna_r10.4.1_e8.2_400bps_hac@v6.0.0_smallvar@v1.0	tier_and_version	sweep_best	SNP	0	0.999773	0.973074	0.986243	18.614763	4409	4407	122	1
ATCC_25922__202309	Escherichia coli	false	sup	dna_r10.4.1_e8.2_400bps_sup@v4.3.0	10	smallvar_haploid	D		dna_r10.4.1_e8.2_400bps_hac@v6.0.0_smallvar@v1.0	tier_and_version	sweep_best	INDEL	0	1.000000	0.983379	0.991620	20.767560	355	356	6	0
ATCC_25922__202309	Escherichia coli	false	sup	dna_r10.4.1_e8.2_400bps_sup@v4.3.0	10	smallvar_haploid	D		dna_r10.4.1_e8.2_400bps_hac@v6.0.0_smallvar@v1.0	tier_and_version	sweep_best	ALL	0	0.999790	0.973835	0.986642	18.742586	4764	4763	128	1
ATCC_25922__202309	Escherichia coli	false	sup	dna_r10.4.1_e8.2_400bps_sup@v4.3.0	10	smallvar_haploid	D		dna_r10.4.1_e8.2_400bps_hac@v6.0.0_smallvar@v1.0	tier_and_version	default_pass	SNP	0	0.999773	0.972633	0.986016	18.543686	4407	4405	124	1
ATCC_25922__202309	Escherichia coli	false	sup	dna_r10.4.1_e8.2_400bps_sup@v4.3.0	10	smallvar_haploid	D		dna_r10.4.1_e8.2_400bps_hac@v6.0.0_smallvar@v1.0	tier_and_version	default_pass	INDEL	0	1.000000	0.980609	0.990210	20.092173	354	355	7	0
ATCC_25922__202309	Escherichia coli	false	sup	dna_r10.4.1_e8.2_400bps_sup@v4.3.0	10	smallvar_haploid	D		dna_r10.4.1_e8.2_400bps_hac@v6.0.0_smallvar@v1.0	tier_and_version	default_pass	ALL	0	0.999790	0.973222	0.986327	18.641362	4761	4760	131	1
ATCC_25922__202309	Escherichia coli	false	sup	dna_r10.4.1_e8.2_400bps_sup@v4.3.0	10	main	C		r1041_e82_400bps_sup_v430	none	sweep_best	SNP	0	0.999772	0.966233	0.982716	17.623557	4378	4376	153	1
ATCC_25922__202309	Escherichia coli	false	sup	dna_r10.4.1_e8.2_400bps_sup@v4.3.0	10	main	C		r1041_e82_400bps_sup_v430	none	sweep_best	INDEL	0	1.000000	0.983379	0.991620	20.767560	355	356	6	0
ATCC_25922__202309	Escherichia coli	false	sup	dna_r10.4.1_e8.2_400bps_sup@v4.3.0	10	main	C		r1041_e82_400bps_sup_v430	none	sweep_best	ALL	0	0.999789	0.967498	0.983378	17.793167	4733	4732	159	1
ATCC_25922__202309	Escherichia coli	false	sup	dna_r10.4.1_e8.2_400bps_sup@v4.3.0	10	main	C		r1041_e82_400bps_sup_v430	none	default_pass	SNP	0	0.999771	0.966012	0.982602	17.595007	4377	4375	154	1
ATCC_25922__202309	Escherichia coli	false	sup	dna_r10.4.1_e8.2_400bps_sup@v4.3.0	10	main	C		r1041_e82_400bps_sup_v430	none	default_pass	INDEL	0	1.000000	0.983379	0.991620	20.767560	355	356	6	0
ATCC_25922__202309	Escherichia coli	false	sup	dna_r10.4.1_e8.2_400bps_sup@v4.3.0	10	main	C		r1041_e82_400bps_sup_v430	none	default_pass	ALL	0	0.999789	0.967294	0.983273	17.765819	4732	4731	160	1
ATCC_25922__202309	Escherichia coli	false	sup	dna_r10.4.1_e8.2_400bps_sup@v4.3.0	10	main	D		dna_r10.4.1_e8.2_400bps_polish_bacterial_methylation_v5.0.0	none	sweep_best	SNP	0	0.998234	0.998455	0.998345	27.812020	4524	4522	7	8
ATCC_25922__202309	Escherichia coli	false	sup	dna_r10.4.1_e8.2_400bps_sup@v4.3.0	10	main	D		dna_r10.4.1_e8.2_400bps_polish_bacterial_methylation_v5.0.0	none	sweep_best	INDEL	0	0.986188	0.986150	0.986169	18.591464	356	357	5	5
ATCC_25922__202309	Escherichia coli	false	sup	dna_r10.4.1_e8.2_400bps_sup@v4.3.0	10	main	D		dna_r10.4.1_e8.2_400bps_polish_bacterial_methylation_v5.0.0	none	sweep_best	ALL	0	0.997343	0.997547	0.997445	25.926091	4880	4879	12	13
ATCC_25922__202309	Escherichia coli	false	sup	dna_r10.4.1_e8.2_400bps_sup@v4.3.0	10	main	D		dna_r10.4.1_e8.2_400bps_polish_bacterial_methylation_v5.0.0	none	default_pass	SNP	0	0.998234	0.998455	0.998345	27.812020	4524	4522	7	8
ATCC_25922__202309	Escherichia coli	false	sup	dna_r10.4.1_e8.2_400bps_sup@v4.3.0	10	main	D		dna_r10.4.1_e8.2_400bps_polish_bacterial_methylation_v5.0.0	none	default_pass	INDEL	0	0.986150	0.983379	0.984763	18.171005	355	356	6	5
ATCC_25922__202309	Escherichia coli	false	sup	dna_r10.4.1_e8.2_400bps_sup@v4.3.0	10	main	D		dna_r10.4.1_e8.2_400bps_polish_bacterial_methylation_v5.0.0	none	default_pass	ALL	0	0.997342	0.997343	0.997342	25.754450	4879	4878	13	13
ATCC_25922__202309	Escherichia coli	false	sup	dna_r10.4.1_e8.2_400bps_sup@v4.3.0	10	af_filter	C	0.65	r1041_e82_400bps_sup_v430	none	sweep_best	SNP	0	0.999336	0.996469	0.997900	26.777807	4515	4513	16	3
ATCC_25922__202309	Escherichia coli	false	sup	dna_r10.4.1_e8.2_400bps_sup@v4.3.0	10	af_filter	C	0.65	r1041_e82_400bps_sup_v430	none	sweep_best	INDEL	0	1.000000	0.986150	0.993027	21.565803	356	357	5	0
ATCC_25922__202309	Escherichia coli	false	sup	dna_r10.4.1_e8.2_400bps_sup@v4.3.0	10	af_filter	C	0.65	r1041_e82_400bps_sup_v430	none	sweep_best	ALL	0	0.999384	0.995707	0.997542	26.094181	4871	4870	21	3
ATCC_25922__202309	Escherichia coli	false	sup	dna_r10.4.1_e8.2_400bps_sup@v4.3.0	10	af_filter	C	0.65	r1041_e82_400bps_sup_v430	none	default_pass	SNP	0	0.999335	0.996027	0.997679	26.343249	4513	4511	18	3
ATCC_25922__202309	Escherichia coli	false	sup	dna_r10.4.1_e8.2_400bps_sup@v4.3.0	10	af_filter	C	0.65	r1041_e82_400bps_sup_v430	none	default_pass	INDEL	0	1.000000	0.983379	0.991620	20.767560	355	356	6	0
ATCC_25922__202309	Escherichia coli	false	sup	dna_r10.4.1_e8.2_400bps_sup@v4.3.0	10	af_filter	C	0.65	r1041_e82_400bps_sup_v430	none	default_pass	ALL	0	0.999384	0.995094	0.997234	25.581478	4868	4867	24	3
ATCC_25922__202309	Escherichia coli	false	sup	dna_r10.4.1_e8.2_400bps_sup@v4.3.0	50	smallvar_haploid	D		dna_r10.4.1_e8.2_400bps_hac@v6.0.0_smallvar@v1.0	tier_and_version	sweep_best	SNP	0	0.999773	0.974178	0.986810	18.797552	4414	4412	117	1
ATCC_25922__202309	Escherichia coli	false	sup	dna_r10.4.1_e8.2_400bps_sup@v4.3.0	50	smallvar_haploid	D		dna_r10.4.1_e8.2_400bps_hac@v6.0.0_smallvar@v1.0	tier_and_version	sweep_best	INDEL	0	1.000000	0.986150	0.993027	21.565803	356	357	5	0
ATCC_25922__202309	Escherichia coli	false	sup	dna_r10.4.1_e8.2_400bps_sup@v4.3.0	50	smallvar_haploid	D		dna_r10.4.1_e8.2_400bps_hac@v6.0.0_smallvar@v1.0	tier_and_version	sweep_best	ALL	0	0.999790	0.975061	0.987271	18.952057	4770	4769	122	1
ATCC_25922__202309	Escherichia coli	false	sup	dna_r10.4.1_e8.2_400bps_sup@v4.3.0	50	smallvar_haploid	D		dna_r10.4.1_e8.2_400bps_hac@v6.0.0_smallvar@v1.0	tier_and_version	default_pass	SNP	0	0.999773	0.974178	0.986810	18.797552	4414	4412	117	1
ATCC_25922__202309	Escherichia coli	false	sup	dna_r10.4.1_e8.2_400bps_sup@v4.3.0	50	smallvar_haploid	D		dna_r10.4.1_e8.2_400bps_hac@v6.0.0_smallvar@v1.0	tier_and_version	default_pass	INDEL	0	1.000000	0.986150	0.993027	21.565803	356	357	5	0
ATCC_25922__202309	Escherichia coli	false	sup	dna_r10.4.1_e8.2_400bps_sup@v4.3.0	50	smallvar_haploid	D		dna_r10.4.1_e8.2_400bps_hac@v6.0.0_smallvar@v1.0	tier_and_version	default_pass	ALL	0	0.999790	0.975061	0.987271	18.952057	4770	4769	122	1
ATCC_25922__202309	Escherichia coli	false	sup	dna_r10.4.1_e8.2_400bps_sup@v4.3.0	50	main	C		r1041_e82_400bps_sup_v430	none	sweep_best	SNP	0	1.000000	0.996689	0.998342	27.804155	4516	4514	15	0
ATCC_25922__202309	Escherichia coli	false	sup	dna_r10.4.1_e8.2_400bps_sup@v4.3.0	50	main	C		r1041_e82_400bps_sup_v430	none	sweep_best	INDEL	0	1.000000	1.000000	1.000000	60.000000	361	362	0	0
ATCC_25922__202309	Escherichia coli	false	sup	dna_r10.4.1_e8.2_400bps_sup@v4.3.0	50	main	C		r1041_e82_400bps_sup_v430	none	sweep_best	ALL	0	1.000000	0.996934	0.998465	28.138916	4877	4876	15	0
ATCC_25922__202309	Escherichia coli	false	sup	dna_r10.4.1_e8.2_400bps_sup@v4.3.0	50	main	C		r1041_e82_400bps_sup_v430	none	default_pass	SNP	0	1.000000	0.996689	0.998342	27.804155	4516	4514	15	0
ATCC_25922__202309	Escherichia coli	false	sup	dna_r10.4.1_e8.2_400bps_sup@v4.3.0	50	main	C		r1041_e82_400bps_sup_v430	none	default_pass	INDEL	0	1.000000	1.000000	1.000000	60.000000	361	362	0	0
ATCC_25922__202309	Escherichia coli	false	sup	dna_r10.4.1_e8.2_400bps_sup@v4.3.0	50	main	C		r1041_e82_400bps_sup_v430	none	default_pass	ALL	0	1.000000	0.996934	0.998465	28.138916	4877	4876	15	0
ATCC_25922__202309	Escherichia coli	false	sup	dna_r10.4.1_e8.2_400bps_sup@v4.3.0	50	main	D		dna_r10.4.1_e8.2_400bps_polish_bacterial_methylation_v5.0.0	none	sweep_best	SNP	0	0.999558	0.998455	0.999006	30.026136	4524	4522	7	2
ATCC_25922__202309	Escherichia coli	false	sup	dna_r10.4.1_e8.2_400bps_sup@v4.3.0	50	main	D		dna_r10.4.1_e8.2_400bps_polish_bacterial_methylation_v5.0.0	none	sweep_best	INDEL	0	1.000000	0.986150	0.993027	21.565803	356	357	5	0
ATCC_25922__202309	Escherichia coli	false	sup	dna_r10.4.1_e8.2_400bps_sup@v4.3.0	50	main	D		dna_r10.4.1_e8.2_400bps_polish_bacterial_methylation_v5.0.0	none	sweep_best	ALL	0	0.999590	0.997547	0.998568	28.440570	4880	4879	12	2
ATCC_25922__202309	Escherichia coli	false	sup	dna_r10.4.1_e8.2_400bps_sup@v4.3.0	50	main	D		dna_r10.4.1_e8.2_400bps_polish_bacterial_methylation_v5.0.0	none	default_pass	SNP	0	0.999558	0.998455	0.999006	30.026136	4524	4522	7	2
ATCC_25922__202309	Escherichia coli	false	sup	dna_r10.4.1_e8.2_400bps_sup@v4.3.0	50	main	D		dna_r10.4.1_e8.2_400bps_polish_bacterial_methylation_v5.0.0	none	default_pass	INDEL	0	1.000000	0.986150	0.993027	21.565803	356	357	5	0
ATCC_25922__202309	Escherichia coli	false	sup	dna_r10.4.1_e8.2_400bps_sup@v4.3.0	50	main	D		dna_r10.4.1_e8.2_400bps_polish_bacterial_methylation_v5.0.0	none	default_pass	ALL	0	0.999590	0.997547	0.998568	28.440570	4880	4879	12	2
ATCC_25922__202309	Escherichia coli	false	sup	dna_r10.4.1_e8.2_400bps_sup@v4.3.0	50	af_filter	C	0.65	r1041_e82_400bps_sup_v430	none	sweep_best	SNP	0	1.000000	0.999559	0.999779	36.556077	4529	4527	2	0
ATCC_25922__202309	Escherichia coli	false	sup	dna_r10.4.1_e8.2_400bps_sup@v4.3.0	50	af_filter	C	0.65	r1041_e82_400bps_sup_v430	none	sweep_best	INDEL	0	1.000000	1.000000	1.000000	60.000000	361	362	0	0
ATCC_25922__202309	Escherichia coli	false	sup	dna_r10.4.1_e8.2_400bps_sup@v4.3.0	50	af_filter	C	0.65	r1041_e82_400bps_sup_v430	none	sweep_best	ALL	0	1.000000	0.999591	0.999796	36.903698	4890	4889	2	0
ATCC_25922__202309	Escherichia coli	false	sup	dna_r10.4.1_e8.2_400bps_sup@v4.3.0	50	af_filter	C	0.65	r1041_e82_400bps_sup_v430	none	default_pass	SNP	0	1.000000	0.999559	0.999779	36.556077	4529	4527	2	0
ATCC_25922__202309	Escherichia coli	false	sup	dna_r10.4.1_e8.2_400bps_sup@v4.3.0	50	af_filter	C	0.65	r1041_e82_400bps_sup_v430	none	default_pass	INDEL	0	1.000000	1.000000	1.000000	60.000000	361	362	0	0
ATCC_25922__202309	Escherichia coli	false	sup	dna_r10.4.1_e8.2_400bps_sup@v4.3.0	50	af_filter	C	0.65	r1041_e82_400bps_sup_v430	none	default_pass	ALL	0	1.000000	0.999591	0.999796	36.903698	4890	4889	2	0
KPC2__202310	Klebsiella pneumoniae	false	hac	dna_r10.4.1_e8.2_400bps_hac@v4.3.0	10	smallvar_haploid	D		dna_r10.4.1_e8.2_400bps_hac@v6.0.0_smallvar@v1.0	version	sweep_best	SNP	0	0.999935	0.975058	0.987340	18.975663	15481	15475	396	1
KPC2__202310	Klebsiella pneumoniae	false	hac	dna_r10.4.1_e8.2_400bps_hac@v4.3.0	10	smallvar_haploid	D		dna_r10.4.1_e8.2_400bps_hac@v6.0.0_smallvar@v1.0	version	sweep_best	INDEL	0	0.986667	0.863095	0.920753	11.010172	145	148	23	2
KPC2__202310	Klebsiella pneumoniae	false	hac	dna_r10.4.1_e8.2_400bps_hac@v4.3.0	10	smallvar_haploid	D		dna_r10.4.1_e8.2_400bps_hac@v6.0.0_smallvar@v1.0	version	sweep_best	ALL	0	0.999808	0.973886	0.986677	18.753980	15626	15623	419	3
KPC2__202310	Klebsiella pneumoniae	false	hac	dna_r10.4.1_e8.2_400bps_hac@v4.3.0	10	smallvar_haploid	D		dna_r10.4.1_e8.2_400bps_hac@v6.0.0_smallvar@v1.0	version	default_pass	SNP	0	1.000000	0.972917	0.986272	18.623927	15447	15441	430	0
KPC2__202310	Klebsiella pneumoniae	false	hac	dna_r10.4.1_e8.2_400bps_hac@v4.3.0	10	smallvar_haploid	D		dna_r10.4.1_e8.2_400bps_hac@v6.0.0_smallvar@v1.0	version	default_pass	INDEL	0	0.986111	0.827381	0.899799	9.991279	139	142	29	2
KPC2__202310	Klebsiella pneumoniae	false	hac	dna_r10.4.1_e8.2_400bps_hac@v4.3.0	10	smallvar_haploid	D		dna_r10.4.1_e8.2_400bps_hac@v6.0.0_smallvar@v1.0	version	default_pass	ALL	0	0.999872	0.971393	0.985427	18.364510	15586	15583	459	2
KPC2__202310	Klebsiella pneumoniae	false	hac	dna_r10.4.1_e8.2_400bps_hac@v4.3.0	10	main	C		r1041_e82_400bps_hac_v430	none	sweep_best	SNP	0	0.999470	0.950180	0.974202	15.884140	15086	15082	791	8
KPC2__202310	Klebsiella pneumoniae	false	hac	dna_r10.4.1_e8.2_400bps_hac@v4.3.0	10	main	C		r1041_e82_400bps_hac_v430	none	sweep_best	INDEL	1	0.962264	0.898810	0.929455	11.515338	151	153	17	6
KPC2__202310	Klebsiella pneumoniae	false	hac	dna_r10.4.1_e8.2_400bps_hac@v4.3.0	10	main	C		r1041_e82_400bps_hac_v430	none	sweep_best	ALL	1	0.999082	0.949642	0.973735	15.806226	15237	15235	808	14
KPC2__202310	Klebsiella pneumoniae	false	hac	dna_r10.4.1_e8.2_400bps_hac@v4.3.0	10	main	C		r1041_e82_400bps_hac_v430	none	default_pass	SNP	0	0.999404	0.950180	0.974170	15.878756	15086	15082	791	9
KPC2__202310	Klebsiella pneumoniae	false	hac	dna_r10.4.1_e8.2_400bps_hac@v4.3.0	10	main	C		r1041_e82_400bps_hac_v430	none	default_pass	INDEL	0	0.967532	0.875000	0.918943	10.912095	147	149	21	5
KPC2__202310	Klebsiella pneumoniae	false	hac	dna_r10.4.1_e8.2_400bps_hac@v4.3.0	10	main	C		r1041_e82_400bps_hac_v430	none	default_pass	ALL	0	0.999082	0.949392	0.973603	15.784454	15233	15231	812	14
KPC2__202310	Klebsiella pneumoniae	false	hac	dna_r10.4.1_e8.2_400bps_hac@v4.3.0	10	main	D		dna_r10.4.1_e8.2_400bps_polish_bacterial_methylation_v5.0.0	none	sweep_best	SNP	5	0.997099	0.996095	0.996597	24.681381	15815	15809	62	46
KPC2__202310	Klebsiella pneumoniae	false	hac	dna_r10.4.1_e8.2_400bps_hac@v4.3.0	10	main	D		dna_r10.4.1_e8.2_400bps_polish_bacterial_methylation_v5.0.0	none	sweep_best	INDEL	11	0.865385	0.785714	0.823627	7.535679	132	135	36	21
KPC2__202310	Klebsiella pneumoniae	false	hac	dna_r10.4.1_e8.2_400bps_hac@v4.3.0	10	main	D		dna_r10.4.1_e8.2_400bps_polish_bacterial_methylation_v5.0.0	none	sweep_best	ALL	7	0.994382	0.993020	0.993700	22.006595	15933	15930	112	90
KPC2__202310	Klebsiella pneumoniae	false	hac	dna_r10.4.1_e8.2_400bps_hac@v4.3.0	10	main	D		dna_r10.4.1_e8.2_400bps_polish_bacterial_methylation_v5.0.0	none	default_pass	SNP	0	0.994474	0.997796	0.996132	24.125135	15842	15836	35	88
KPC2__202310	Klebsiella pneumoniae	false	hac	dna_r10.4.1_e8.2_400bps_hac@v4.3.0	10	main	D		dna_r10.4.1_e8.2_400bps_polish_bacterial_methylation_v5.0.0	none	default_pass	INDEL	0	0.420912	0.916667	0.576917	3.735744	154	157	14	216
KPC2__202310	Klebsiella pneumoniae	false	hac	dna_r10.4.1_e8.2_400bps_hac@v4.3.0	10	main	D		dna_r10.4.1_e8.2_400bps_polish_bacterial_methylation_v5.0.0	none	default_pass	ALL	0	0.981346	0.996946	0.989085	19.619763	15996	15993	49	304
KPC2__202310	Klebsiella pneumoniae	false	hac	dna_r10.4.1_e8.2_400bps_hac@v4.3.0	10	af_filter	C	0.65	r1041_e82_400bps_hac_v430	none	sweep_best	SNP	0	0.998733	0.993135	0.995926	23.899790	15768	15764	109	20
KPC2__202310	Klebsiella pneumoniae	false	hac	dna_r10.4.1_e8.2_400bps_hac@v4.3.0	10	af_filter	C	0.65	r1041_e82_400bps_hac_v430	none	sweep_best	INDEL	1	0.944785	0.904762	0.924341	11.211394	152	154	16	9
KPC2__202310	Klebsiella pneumoniae	false	hac	dna_r10.4.1_e8.2_400bps_hac@v4.3.0	10	af_filter	C	0.65	r1041_e82_400bps_hac_v430	none	sweep_best	ALL	1	0.998181	0.992209	0.995187	23.175841	15920	15918	125	29
KPC2__202310	Klebsiella pneumoniae	false	hac	dna_r10.4.1_e8.2_400bps_hac@v4.3.0	10	af_filter	C	0.65	r1041_e82_400bps_hac_v430	none	default_pass	SNP	0	0.998670	0.993135	0.995894	23.865811	15768	15764	109	21
KPC2__202310	Klebsiella pneumoniae	false	hac	dna_r10.4.1_e8.2_400bps_hac@v4.3.0	10	af_filter	C	0.65	r1041_e82_400bps_hac_v430	none	default_pass	INDEL	0	0.955414	0.880952	0.916673	10.792143	148	150	20	7
KPC2__202310	Klebsiella pneumoniae	false	hac	dna_r10.4.1_e8.2_400bps_hac@v4.3.0	10	af_filter	C	0.65	r1041_e82_400bps_hac_v430	none	default_pass	ALL	0	0.998244	0.991960	0.995092	23.090954	15916	15914	129	28
KPC2__202310	Klebsiella pneumoniae	false	hac	dna_r10.4.1_e8.2_400bps_hac@v4.3.0	50	smallvar_haploid	D		dna_r10.4.1_e8.2_400bps_hac@v6.0.0_smallvar@v1.0	version	sweep_best	SNP	0	0.999937	0.998236	0.999086	30.390538	15849	15843	28	1
KPC2__202310	Klebsiella pneumoniae	false	hac	dna_r10.4.1_e8.2_400bps_hac@v4.3.0	50	smallvar_haploid	D		dna_r10.4.1_e8.2_400bps_hac@v6.0.0_smallvar@v1.0	version	sweep_best	INDEL	0	0.976608	0.976190	0.976399	16.270696	164	167	4	4
KPC2__202310	Klebsiella pneumoniae	false	hac	dna_r10.4.1_e8.2_400bps_hac@v4.3.0	50	smallvar_haploid	D		dna_r10.4.1_e8.2_400bps_hac@v6.0.0_smallvar@v1.0	version	sweep_best	ALL	0	0.999688	0.998006	0.998846	29.377942	16013	16010	32	5
KPC2__202310	Klebsiella pneumoniae	false	hac	dna_r10.4.1_e8.2_400bps_hac@v4.3.0	50	smallvar_haploid	D		dna_r10.4.1_e8.2_400bps_hac@v6.0.0_smallvar@v1.0	version	default_pass	SNP	0	0.999937	0.997796	0.998865	29.450041	15842	15836	35	1
KPC2__202310	Klebsiella pneumoniae	false	hac	dna_r10.4.1_e8.2_400bps_hac@v4.3.0	50	smallvar_haploid	D		dna_r10.4.1_e8.2_400bps_hac@v6.0.0_smallvar@v1.0	version	default_pass	INDEL	0	0.982143	0.964286	0.973132	15.707647	162	165	6	3
KPC2__202310	Klebsiella pneumoniae	false	hac	dna_r10.4.1_e8.2_400bps_hac@v4.3.0	50	smallvar_haploid	D		dna_r10.4.1_e8.2_400bps_hac@v6.0.0_smallvar@v1.0	version	default_pass	ALL	0	0.999750	0.997445	0.998596	28.526329	16004	16001	41	4
KPC2__202310	Klebsiella pneumoniae	false	hac	dna_r10.4.1_e8.2_400bps_hac@v4.3.0	50	main	C		r1041_e82_400bps_hac_v430	none	sweep_best	SNP	0	1.000000	0.999622	0.999811	37.235382	15871	15865	6	0
KPC2__202310	Klebsiella pneumoniae	false	hac	dna_r10.4.1_e8.2_400bps_hac@v4.3.0	50	main	C		r1041_e82_400bps_hac_v430	none	sweep_best	INDEL	1	1.000000	0.988095	0.994012	22.227182	166	169	2	0
KPC2__202310	Klebsiella pneumoniae	false	hac	dna_r10.4.1_e8.2_400bps_hac@v4.3.0	50	main	C		r1041_e82_400bps_hac_v430	none	sweep_best	ALL	1	1.000000	0.999501	0.999751	36.038007	16037	16034	8	0
KPC2__202310	Klebsiella pneumoniae	false	hac	dna_r10.4.1_e8.2_400bps_hac@v4.3.0	50	main	C		r1041_e82_400bps_hac_v430	none	default_pass	SNP	0	1.000000	0.999622	0.999811	37.235382	15871	15865	6	0
KPC2__202310	Klebsiella pneumoniae	false	hac	dna_r10.4.1_e8.2_400bps_hac@v4.3.0	50	main	C		r1041_e82_400bps_hac_v430	none	default_pass	INDEL	0	1.000000	0.976190	0.987952	19.190850	164	167	4	0
KPC2__202310	Klebsiella pneumoniae	false	hac	dna_r10.4.1_e8.2_400bps_hac@v4.3.0	50	main	C		r1041_e82_400bps_hac_v430	none	default_pass	ALL	0	1.000000	0.999377	0.999688	35.058454	16035	16032	10	0
KPC2__202310	Klebsiella pneumoniae	false	hac	dna_r10.4.1_e8.2_400bps_hac@v4.3.0	50	main	D		dna_r10.4.1_e8.2_400bps_polish_bacterial_methylation_v5.0.0	none	sweep_best	SNP	0	0.999937	0.999433	0.999685	35.016894	15868	15862	9	1
KPC2__202310	Klebsiella pneumoniae	false	hac	dna_r10.4.1_e8.2_400bps_hac@v4.3.0	50	main	D		dna_r10.4.1_e8.2_400bps_polish_bacterial_methylation_v5.0.0	none	sweep_best	INDEL	7	0.987179	0.898810	0.940924	12.285889	151	154	17	2
KPC2__202310	Klebsiella pneumoniae	false	hac	dna_r10.4.1_e8.2_400bps_hac@v4.3.0	50	main	D		dna_r10.4.1_e8.2_400bps_polish_bacterial_methylation_v5.0.0	none	sweep_best	ALL	4	0.999376	0.998753	0.999065	30.291884	16025	16022	20	10
KPC2__202310	Klebsiella pneumoniae	false	hac	dna_r10.4.1_e8.2_400bps_hac@v4.3.0	50	main	D		dna_r10.4.1_e8.2_400bps_polish_bacterial_methylation_v5.0.0	none	default_pass	SNP	0	0.999937	0.999433	0.999685	35.016894	15868	15862	9	1
KPC2__202310	Klebsiella pneumoniae	false	hac	dna_r10.4.1_e8.2_400bps_hac@v4.3.0	50	main	D		dna_r10.4.1_e8.2_400bps_polish_bacterial_methylation_v5.0.0	none	default_pass	INDEL	0	0.920455	0.946429	0.933261	11.756203	159	162	9	14
KPC2__202310	Klebsiella pneumoniae	false	hac	dna_r10.4.1_e8.2_400bps_hac@v4.3.0	50	main	D		dna_r10.4.1_e8.2_400bps_polish_bacterial_methylation_v5.0.0	none	default_pass	ALL	0	0.999065	0.998878	0.998972	29.880069	16027	16024	18	15
KPC2__202310	Klebsiella pneumoniae	false	hac	dna_r10.4.1_e8.2_400bps_hac@v4.3.0	50	af_filter	C	0.65	r1041_e82_400bps_hac_v430	none	sweep_best	SNP	0	1.000000	0.999748	0.999874	38.996295	15873	15867	4	0
KPC2__202310	Klebsiella pneumoniae	false	hac	dna_r10.4.1_e8.2_400bps_hac@v4.3.0	50	af_filter	C	0.65	r1041_e82_400bps_hac_v430	none	sweep_best	INDEL	1	1.000000	0.988095	0.994012	22.227182	166	169	2	0
KPC2__202310	Klebsiella pneumoniae	false	hac	dna_r10.4.1_e8.2_400bps_hac@v4.3.0	50	af_filter	C	0.65	r1041_e82_400bps_hac_v430	none	sweep_best	ALL	1	1.000000	0.999626	0.999813	37.281584	16039	16036	6	0
KPC2__202310	Klebsiella pneumoniae	false	hac	dna_r10.4.1_e8.2_400bps_hac@v4.3.0	50	af_filter	C	0.65	r1041_e82_400bps_hac_v430	none	default_pass	SNP	0	1.000000	0.999748	0.999874	38.996295	15873	15867	4	0
KPC2__202310	Klebsiella pneumoniae	false	hac	dna_r10.4.1_e8.2_400bps_hac@v4.3.0	50	af_filter	C	0.65	r1041_e82_400bps_hac_v430	none	default_pass	INDEL	0	1.000000	0.976190	0.987952	19.190850	164	167	4	0
KPC2__202310	Klebsiella pneumoniae	false	hac	dna_r10.4.1_e8.2_400bps_hac@v4.3.0	50	af_filter	C	0.65	r1041_e82_400bps_hac_v430	none	default_pass	ALL	0	1.000000	0.999501	0.999751	36.038007	16037	16034	8	0
KPC2__202310	Klebsiella pneumoniae	false	sup	dna_r10.4.1_e8.2_400bps_sup@v4.3.0	10	smallvar_haploid	D		dna_r10.4.1_e8.2_400bps_hac@v6.0.0_smallvar@v1.0	tier_and_version	sweep_best	SNP	0	0.999808	0.981924	0.990785	20.355047	15590	15584	287	3
KPC2__202310	Klebsiella pneumoniae	false	sup	dna_r10.4.1_e8.2_400bps_sup@v4.3.0	10	smallvar_haploid	D		dna_r10.4.1_e8.2_400bps_hac@v6.0.0_smallvar@v1.0	tier_and_version	sweep_best	INDEL	0	0.987654	0.934524	0.960355	14.018116	157	160	11	2
KPC2__202310	Klebsiella pneumoniae	false	sup	dna_r10.4.1_e8.2_400bps_sup@v4.3.0	10	smallvar_haploid	D		dna_r10.4.1_e8.2_400bps_hac@v6.0.0_smallvar@v1.0	tier_and_version	sweep_best	ALL	0	0.999683	0.981427	0.990471	20.209527	15747	15744	298	5
KPC2__202310	Klebsiella pneumoniae	false	sup	dna_r10.4.1_e8.2_400bps_sup@v4.3.0	10	smallvar_haploid	D		dna_r10.4.1_e8.2_400bps_hac@v6.0.0_smallvar@v1.0	tier_and_version	default_pass	SNP	0	0.999936	0.981546	0.990655	20.294207	15584	15578	293	1
KPC2__202310	Klebsiella pneumoniae	false	sup	dna_r10.4.1_e8.2_400bps_sup@v4.3.0	10	smallvar_haploid	D		dna_r10.4.1_e8.2_400bps_hac@v6.0.0_smallvar@v1.0	tier_and_version	default_pass	INDEL	0	0.993750	0.928571	0.960056	13.985484	156	159	12	1
KPC2__202310	Klebsiella pneumoniae	false	sup	dna_r10.4.1_e8.2_400bps_sup@v4.3.0	10	smallvar_haploid	D		dna_r10.4.1_e8.2_400bps_hac@v6.0.0_smallvar@v1.0	tier_and_version	default_pass	ALL	0	0.999873	0.980991	0.990342	20.151128	15740	15737	305	2
KPC2__202310	Klebsiella pneumoniae	false	sup	dna_r10.4.1_e8.2_400bps_sup@v4.3.0	10	main	C		r1041_e82_400bps_sup_v430	none	sweep_best	SNP	0	0.999736	0.955911	0.977333	16.446060	15177	15171	700	4
KPC2__202310	Klebsiella pneumoniae	false	sup	dna_r10.4.1_e8.2_400bps_sup@v4.3.0	10	main	C		r1041_e82_400bps_sup_v430	none	sweep_best	INDEL	1	0.981250	0.916667	0.947859	12.828206	154	157	14	3
KPC2__202310	Klebsiella pneumoniae	false	sup	dna_r10.4.1_e8.2_400bps_sup@v4.3.0	10	main	C		r1041_e82_400bps_sup_v430	none	sweep_best	ALL	1	0.999544	0.955500	0.977026	16.387634	15331	15328	714	7
KPC2__202310	Klebsiella pneumoniae	false	sup	dna_r10.4.1_e8.2_400bps_sup@v4.3.0	10	main	C		r1041_e82_400bps_sup_v430	none	default_pass	SNP	0	0.999736	0.955974	0.977366	16.452387	15178	15172	699	4
KPC2__202310	Klebsiella pneumoniae	false	sup	dna_r10.4.1_e8.2_400bps_sup@v4.3.0	10	main	C		r1041_e82_400bps_sup_v430	none	default_pass	INDEL	0	0.993590	0.904762	0.947098	12.765279	152	155	16	1
KPC2__202310	Klebsiella pneumoniae	false	sup	dna_r10.4.1_e8.2_400bps_sup@v4.3.0	10	main	C		r1041_e82_400bps_sup_v430	none	default_pass	ALL	0	0.999674	0.955438	0.977055	16.393119	15330	15327	715	5
KPC2__202310	Klebsiella pneumoniae	false	sup	dna_r10.4.1_e8.2_400bps_sup@v4.3.0	10	main	D		dna_r10.4.1_e8.2_400bps_polish_bacterial_methylation_v5.0.0	none	sweep_best	SNP	7	0.999811	0.999244	0.999527	33.251389	15865	15859	12	3
KPC2__202310	Klebsiella pneumoniae	false	sup	dna_r10.4.1_e8.2_400bps_sup@v4.3.0	10	main	D		dna_r10.4.1_e8.2_400bps_polish_bacterial_methylation_v5.0.0	none	sweep_best	INDEL	10	0.986842	0.875000	0.927562	11.400335	147	150	21	2
KPC2__202310	Klebsiella pneumoniae	false	sup	dna_r10.4.1_e8.2_400bps_sup@v4.3.0	10	main	D		dna_r10.4.1_e8.2_400bps_polish_bacterial_methylation_v5.0.0	none	sweep_best	ALL	7	0.999189	0.998193	0.998690	28.827287	16016	16013	29	13
KPC2__202310	Klebsiella pneumoniae	false	sup	dna_r10.4.1_e8.2_400bps_sup@v4.3.0	10	main	D		dna_r10.4.1_e8.2_400bps_polish_bacterial_methylation_v5.0.0	none	default_pass	SNP	0	0.998992	0.999559	0.999276	31.402614	15870	15864	7	16
KPC2__202310	Klebsiella pneumoniae	false	sup	dna_r10.4.1_e8.2_400bps_sup@v4.3.0	10	main	D		dna_r10.4.1_e8.2_400bps_polish_bacterial_methylation_v5.0.0	none	default_pass	INDEL	0	0.828125	0.928571	0.875476	9.047469	156	159	12	33
KPC2__202310	Klebsiella pneumoniae	false	sup	dna_r10.4.1_e8.2_400bps_sup@v4.3.0	10	main	D		dna_r10.4.1_e8.2_400bps_polish_bacterial_methylation_v5.0.0	none	default_pass	ALL	0	0.996951	0.998816	0.997883	26.742791	16026	16023	19	49
KPC2__202310	Klebsiella pneumoniae	false	sup	dna_r10.4.1_e8.2_400bps_sup@v4.3.0	10	af_filter	C	0.65	r1041_e82_400bps_sup_v430	none	sweep_best	SNP	0	0.999685	0.998488	0.999086	30.390538	15853	15847	24	5
KPC2__202310	Klebsiella pneumoniae	false	sup	dna_r10.4.1_e8.2_400bps_sup@v4.3.0	10	af_filter	C	0.65	r1041_e82_400bps_sup_v430	none	sweep_best	INDEL	1	0.969512	0.928571	0.948600	12.890369	156	159	12	5
KPC2__202310	Klebsiella pneumoniae	false	sup	dna_r10.4.1_e8.2_400bps_sup@v4.3.0	10	af_filter	C	0.65	r1041_e82_400bps_sup_v430	none	sweep_best	ALL	1	0.999376	0.997756	0.998565	28.431481	16009	16006	36	10
KPC2__202310	Klebsiella pneumoniae	false	sup	dna_r10.4.1_e8.2_400bps_sup@v4.3.0	10	af_filter	C	0.65	r1041_e82_400bps_sup_v430	none	default_pass	SNP	0	0.999685	0.998551	0.999118	30.545314	15854	15848	23	5
KPC2__202310	Klebsiella pneumoniae	false	sup	dna_r10.4.1_e8.2_400bps_sup@v4.3.0	10	af_filter	C	0.65	r1041_e82_400bps_sup_v430	none	default_pass	INDEL	0	0.981132	0.910714	0.944613	12.565922	153	156	15	3
KPC2__202310	Klebsiella pneumoniae	false	sup	dna_r10.4.1_e8.2_400bps_sup@v4.3.0	10	af_filter	C	0.65	r1041_e82_400bps_sup_v430	none	default_pass	ALL	0	0.999500	0.997632	0.998565	28.431481	16007	16004	38	8
KPC2__202310	Klebsiella pneumoniae	false	sup	dna_r10.4.1_e8.2_400bps_sup@v4.3.0	50	smallvar_haploid	D		dna_r10.4.1_e8.2_400bps_hac@v6.0.0_smallvar@v1.0	tier_and_version	sweep_best	SNP	0	1.000000	0.999370	0.999685	35.016894	15867	15861	10	0
KPC2__202310	Klebsiella pneumoniae	false	sup	dna_r10.4.1_e8.2_400bps_sup@v4.3.0	50	smallvar_haploid	D		dna_r10.4.1_e8.2_400bps_hac@v6.0.0_smallvar@v1.0	tier_and_version	sweep_best	INDEL	0	1.000000	0.994048	0.997015	25.250557	167	170	1	0
KPC2__202310	Klebsiella pneumoniae	false	sup	dna_r10.4.1_e8.2_400bps_sup@v4.3.0	50	smallvar_haploid	D		dna_r10.4.1_e8.2_400bps_hac@v6.0.0_smallvar@v1.0	tier_and_version	sweep_best	ALL	0	1.000000	0.999314	0.999657	34.647059	16034	16031	11	0
KPC2__202310	Klebsiella pneumoniae	false	sup	dna_r10.4.1_e8.2_400bps_sup@v4.3.0	50	smallvar_haploid	D		dna_r10.4.1_e8.2_400bps_hac@v6.0.0_smallvar@v1.0	tier_and_version	default_pass	SNP	0	1.000000	0.999370	0.999685	35.016894	15867	15861	10	0
KPC2__202310	Klebsiella pneumoniae	false	sup	dna_r10.4.1_e8.2_400bps_sup@v4.3.0	50	smallvar_haploid	D		dna_r10.4.1_e8.2_400bps_hac@v6.0.0_smallvar@v1.0	tier_and_version	default_pass	INDEL	0	1.000000	0.994048	0.997015	25.250557	167	170	1	0
KPC2__202310	Klebsiella pneumoniae	false	sup	dna_r10.4.1_e8.2_400bps_sup@v4.3.0	50	smallvar_haploid	D		dna_r10.4.1_e8.2_400bps_hac@v6.0.0_smallvar@v1.0	tier_and_version	default_pass	ALL	0	1.000000	0.999314	0.999657	34.647059	16034	16031	11	0
KPC2__202310	Klebsiella pneumoniae	false	sup	dna_r10.4.1_e8.2_400bps_sup@v4.3.0	50	main	C		r1041_e82_400bps_sup_v430	none	sweep_best	SNP	0	1.000000	0.999622	0.999811	37.235382	15871	15865	6	0
KPC2__202310	Klebsiella pneumoniae	false	sup	dna_r10.4.1_e8.2_400bps_sup@v4.3.0	50	main	C		r1041_e82_400bps_sup_v430	none	sweep_best	INDEL	1	1.000000	0.982143	0.990991	20.453234	165	168	3	0
KPC2__202310	Klebsiella pneumoniae	false	sup	dna_r10.4.1_e8.2_400bps_sup@v4.3.0	50	main	C		r1041_e82_400bps_sup_v430	none	sweep_best	ALL	1	1.000000	0.999439	0.999720	35.528420	16036	16033	9	0
KPC2__202310	Klebsiella pneumoniae	false	sup	dna_r10.4.1_e8.2_400bps_sup@v4.3.0	50	main	C		r1041_e82_400bps_sup_v430	none	default_pass	SNP	0	1.000000	0.999622	0.999811	37.235382	15871	15865	6	0
KPC2__202310	Klebsiella pneumoniae	false	sup	dna_r10.4.1_e8.2_400bps_sup@v4.3.0	50	main	C		r1041_e82_400bps_sup_v430	none	default_pass	INDEL	0	1.000000	0.982143	0.990991	20.453234	165	168	3	0
KPC2__202310	Klebsiella pneumoniae	false	sup	dna_r10.4.1_e8.2_400bps_sup@v4.3.0	50	main	C		r1041_e82_400bps_sup_v430	none	default_pass	ALL	0	1.000000	0.999439	0.999720	35.528420	16036	16033	9	0
KPC2__202310	Klebsiella pneumoniae	false	sup	dna_r10.4.1_e8.2_400bps_sup@v4.3.0	50	main	D		dna_r10.4.1_e8.2_400bps_polish_bacterial_methylation_v5.0.0	none	sweep_best	SNP	0	1.000000	0.999811	0.999906	40.268721	15874	15868	3	0
KPC2__202310	Klebsiella pneumoniae	false	sup	dna_r10.4.1_e8.2_400bps_sup@v4.3.0	50	main	D		dna_r10.4.1_e8.2_400bps_polish_bacterial_methylation_v5.0.0	none	sweep_best	INDEL	0	0.988372	0.994048	0.991202	20.556160	167	170	1	2
KPC2__202310	Klebsiella pneumoniae	false	sup	dna_r10.4.1_e8.2_400bps_sup@v4.3.0	50	main	D		dna_r10.4.1_e8.2_400bps_polish_bacterial_methylation_v5.0.0	none	sweep_best	ALL	0	0.999875	0.999751	0.999813	37.281584	16041	16038	4	2
KPC2__202310	Klebsiella pneumoniae	false	sup	dna_r10.4.1_e8.2_400bps_sup@v4.3.0	50	main	D		dna_r10.4.1_e8.2_400bps_polish_bacterial_methylation_v5.0.0	none	default_pass	SNP	0	1.000000	0.999811	0.999906	40.268721	15874	15868	3	0
KPC2__202310	Klebsiella pneumoniae	false	sup	dna_r10.4.1_e8.2_400bps_sup@v4.3.0	50	main	D		dna_r10.4.1_e8.2_400bps_polish_bacterial_methylation_v5.0.0	none	default_pass	INDEL	0	0.988235	0.982143	0.985180	18.291518	165	168	3	2
KPC2__202310	Klebsiella pneumoniae	false	sup	dna_r10.4.1_e8.2_400bps_sup@v4.3.0	50	main	D		dna_r10.4.1_e8.2_400bps_polish_bacterial_methylation_v5.0.0	none	default_pass	ALL	0	0.999875	0.999626	0.999751	36.038007	16039	16036	6	2
KPC2__202310	Klebsiella pneumoniae	false	sup	dna_r10.4.1_e8.2_400bps_sup@v4.3.0	50	af_filter	C	0.65	r1041_e82_400bps_sup_v430	none	sweep_best	SNP	0	1.000000	0.999811	0.999906	40.268721	15874	15868	3	0
KPC2__202310	Klebsiella pneumoniae	false	sup	dna_r10.4.1_e8.2_400bps_sup@v4.3.0	50	af_filter	C	0.65	r1041_e82_400bps_sup_v430	none	sweep_best	INDEL	1	1.000000	0.982143	0.990991	20.453234	165	168	3	0
KPC2__202310	Klebsiella pneumoniae	false	sup	dna_r10.4.1_e8.2_400bps_sup@v4.3.0	50	af_filter	C	0.65	r1041_e82_400bps_sup_v430	none	sweep_best	ALL	1	1.000000	0.999626	0.999813	37.281584	16039	16036	6	0
KPC2__202310	Klebsiella pneumoniae	false	sup	dna_r10.4.1_e8.2_400bps_sup@v4.3.0	50	af_filter	C	0.65	r1041_e82_400bps_sup_v430	none	default_pass	SNP	0	1.000000	0.999811	0.999906	40.268721	15874	15868	3	0
KPC2__202310	Klebsiella pneumoniae	false	sup	dna_r10.4.1_e8.2_400bps_sup@v4.3.0	50	af_filter	C	0.65	r1041_e82_400bps_sup_v430	none	default_pass	INDEL	0	1.000000	0.982143	0.990991	20.453234	165	168	3	0
KPC2__202310	Klebsiella pneumoniae	false	sup	dna_r10.4.1_e8.2_400bps_sup@v4.3.0	50	af_filter	C	0.65	r1041_e82_400bps_sup_v430	none	default_pass	ALL	0	1.000000	0.999626	0.999813	37.281584	16039	16036	6	0
AMtb_1__202402	Mycobacterium tuberculosis	false	hac	dna_r10.4.1_e8.2_400bps_hac@v4.3.0	10	smallvar_haploid	D		dna_r10.4.1_e8.2_400bps_hac@v6.0.0_smallvar@v1.0	version	sweep_best	SNP	0	1.000000	0.989534	0.994739	22.789317	2080	2080	22	0
AMtb_1__202402	Mycobacterium tuberculosis	false	hac	dna_r10.4.1_e8.2_400bps_hac@v4.3.0	10	smallvar_haploid	D		dna_r10.4.1_e8.2_400bps_hac@v6.0.0_smallvar@v1.0	version	sweep_best	INDEL	0	0.988024	0.921788	0.953757	13.349540	165	165	14	2
AMtb_1__202402	Mycobacterium tuberculosis	false	hac	dna_r10.4.1_e8.2_400bps_hac@v4.3.0	10	smallvar_haploid	D		dna_r10.4.1_e8.2_400bps_hac@v6.0.0_smallvar@v1.0	version	sweep_best	ALL	0	0.999110	0.984217	0.991608	20.761345	2245	2245	36	2
AMtb_1__202402	Mycobacterium tuberculosis	false	hac	dna_r10.4.1_e8.2_400bps_hac@v4.3.0	10	smallvar_haploid	D		dna_r10.4.1_e8.2_400bps_hac@v6.0.0_smallvar@v1.0	version	default_pass	SNP	0	1.000000	0.989534	0.994739	22.789317	2080	2080	22	0
AMtb_1__202402	Mycobacterium tuberculosis	false	hac	dna_r10.4.1_e8.2_400bps_hac@v4.3.0	10	smallvar_haploid	D		dna_r10.4.1_e8.2_400bps_hac@v6.0.0_smallvar@v1.0	version	default_pass	INDEL	0	1.000000	0.882682	0.937685	12.054074	158	158	21	0
AMtb_1__202402	Mycobacterium tuberculosis	false	hac	dna_r10.4.1_e8.2_400bps_hac@v4.3.0	10	smallvar_haploid	D		dna_r10.4.1_e8.2_400bps_hac@v6.0.0_smallvar@v1.0	version	default_pass	ALL	0	1.000000	0.981149	0.990485	20.215912	2238	2238	43	0
AMtb_1__202402	Mycobacterium tuberculosis	false	hac	dna_r10.4.1_e8.2_400bps_hac@v4.3.0	10	main	C		r1041_e82_400bps_hac_v430	none	sweep_best	SNP	0	0.999040	0.990009	0.994504	22.599533	2081	2081	21	2
AMtb_1__202402	Mycobacterium tuberculosis	false	hac	dna_r10.4.1_e8.2_400bps_hac@v4.3.0	10	main	C		r1041_e82_400bps_hac_v430	none	sweep_best	INDEL	1	0.988024	0.921788	0.953757	13.349540	165	165	14	2
AMtb_1__202402	Mycobacterium tuberculosis	false	hac	dna_r10.4.1_e8.2_400bps_hac@v4.3.0	10	main	C		r1041_e82_400bps_hac_v430	none	sweep_best	ALL	1	0.998222	0.984656	0.991393	20.651482	2246	2246	35	4
AMtb_1__202402	Mycobacterium tuberculosis	false	hac	dna_r10.4.1_e8.2_400bps_hac@v4.3.0	10	main	C		r1041_e82_400bps_hac_v430	none	default_pass	SNP	0	0.999040	0.990009	0.994504	22.599533	2081	2081	21	2
AMtb_1__202402	Mycobacterium tuberculosis	false	hac	dna_r10.4.1_e8.2_400bps_hac@v4.3.0	10	main	C		r1041_e82_400bps_hac_v430	none	default_pass	INDEL	0	0.993939	0.916201	0.953488	13.324350	164	164	15	1
AMtb_1__202402	Mycobacterium tuberculosis	false	hac	dna_r10.4.1_e8.2_400bps_hac@v4.3.0	10	main	C		r1041_e82_400bps_hac_v430	none	default_pass	ALL	0	0.998665	0.984217	0.991389	20.649464	2245	2245	36	3
AMtb_1__202402	Mycobacterium tuberculosis	false	hac	dna_r10.4.1_e8.2_400bps_hac@v4.3.0	10	main	D		dna_r10.4.1_e8.2_400bps_polish_bacterial_methylation_v5.0.0	none	sweep_best	SNP	9	0.998567	0.994291	0.996424	24.466025	2090	2090	12	3
AMtb_1__202402	Mycobacterium tuberculosis	false	hac	dna_r10.4.1_e8.2_400bps_hac@v4.3.0	10	main	D		dna_r10.4.1_e8.2_400bps_polish_bacterial_methylation_v5.0.0	none	sweep_best	INDEL	8	0.900000	0.754190	0.820669	7.463446	135	135	44	15
AMtb_1__202402	Mycobacterium tuberculosis	false	hac	dna_r10.4.1_e8.2_400bps_hac@v4.3.0	10	main	D		dna_r10.4.1_e8.2_400bps_polish_bacterial_methylation_v5.0.0	none	sweep_best	ALL	8	0.990650	0.975449	0.982991	17.693212	2225	2225	56	21
AMtb_1__202402	Mycobacterium tuberculosis	false	hac	dna_r10.4.1_e8.2_400bps_hac@v4.3.0	10	main	D		dna_r10.4.1_e8.2_400bps_polish_bacterial_methylation_v5.0.0	none	default_pass	SNP	0	0.991021	0.997621	0.994310	22.448877	2097	2097	5	19
AMtb_1__202402	Mycobacterium tuberculosis	false	hac	dna_r10.4.1_e8.2_400bps_hac@v4.3.0	10	main	D		dna_r10.4.1_e8.2_400bps_polish_bacterial_methylation_v5.0.0	none	default_pass	INDEL	0	0.668142	0.843575	0.745679	5.946178	151	151	28	75
AMtb_1__202402	Mycobacterium tuberculosis	false	hac	dna_r10.4.1_e8.2_400bps_hac@v4.3.0	10	main	D		dna_r10.4.1_e8.2_400bps_polish_bacterial_methylation_v5.0.0	none	default_pass	ALL	0	0.959863	0.985533	0.972529	15.611255	2248	2248	33	94
AMtb_1__202402	Mycobacterium tuberculosis	false	hac	dna_r10.4.1_e8.2_400bps_hac@v4.3.0	10	af_filter	C	0.65	r1041_e82_400bps_hac_v430	none	sweep_best	SNP	0	0.998570	0.996670	0.997619	26.232406	2095	2095	7	3
AMtb_1__202402	Mycobacterium tuberculosis	false	hac	dna_r10.4.1_e8.2_400bps_hac@v4.3.0	10	af_filter	C	0.65	r1041_e82_400bps_hac_v430	none	sweep_best	INDEL	1	0.982143	0.921788	0.951009	13.098837	165	165	14	3
AMtb_1__202402	Mycobacterium tuberculosis	false	hac	dna_r10.4.1_e8.2_400bps_hac@v4.3.0	10	af_filter	C	0.65	r1041_e82_400bps_hac_v430	none	sweep_best	ALL	1	0.997352	0.990794	0.994062	22.263598	2260	2260	21	6
AMtb_1__202402	Mycobacterium tuberculosis	false	hac	dna_r10.4.1_e8.2_400bps_hac@v4.3.0	10	af_filter	C	0.65	r1041_e82_400bps_hac_v430	none	default_pass	SNP	0	0.998570	0.996670	0.997619	26.232406	2095	2095	7	3
AMtb_1__202402	Mycobacterium tuberculosis	false	hac	dna_r10.4.1_e8.2_400bps_hac@v4.3.0	10	af_filter	C	0.65	r1041_e82_400bps_hac_v430	none	default_pass	INDEL	0	0.993939	0.916201	0.953488	13.324350	164	164	15	1
AMtb_1__202402	Mycobacterium tuberculosis	false	hac	dna_r10.4.1_e8.2_400bps_hac@v4.3.0	10	af_filter	C	0.65	r1041_e82_400bps_hac_v430	none	default_pass	ALL	0	0.998232	0.990355	0.994278	22.424521	2259	2259	22	4
AMtb_1__202402	Mycobacterium tuberculosis	false	hac	dna_r10.4.1_e8.2_400bps_hac@v4.3.0	50	smallvar_haploid	D		dna_r10.4.1_e8.2_400bps_hac@v6.0.0_smallvar@v1.0	version	sweep_best	SNP	0	1.000000	0.996670	0.998332	27.778040	2095	2095	7	0
AMtb_1__202402	Mycobacterium tuberculosis	false	hac	dna_r10.4.1_e8.2_400bps_hac@v4.3.0	50	smallvar_haploid	D		dna_r10.4.1_e8.2_400bps_hac@v6.0.0_smallvar@v1.0	version	sweep_best	INDEL	0	0.988827	0.988827	0.988827	19.518302	177	177	2	2
AMtb_1__202402	Mycobacterium tuberculosis	false	hac	dna_r10.4.1_e8.2_400bps_hac@v4.3.0	50	smallvar_haploid	D		dna_r10.4.1_e8.2_400bps_hac@v6.0.0_smallvar@v1.0	version	sweep_best	ALL	0	0.999120	0.996054	0.997585	26.170829	2272	2272	9	2
AMtb_1__202402	Mycobacterium tuberculosis	false	hac	dna_r10.4.1_e8.2_400bps_hac@v4.3.0	50	smallvar_haploid	D		dna_r10.4.1_e8.2_400bps_hac@v6.0.0_smallvar@v1.0	version	default_pass	SNP	0	1.000000	0.996670	0.998332	27.778040	2095	2095	7	0
AMtb_1__202402	Mycobacterium tuberculosis	false	hac	dna_r10.4.1_e8.2_400bps_hac@v4.3.0	50	smallvar_haploid	D		dna_r10.4.1_e8.2_400bps_hac@v6.0.0_smallvar@v1.0	version	default_pass	INDEL	0	1.000000	0.977654	0.988701	19.469600	175	175	4	0
AMtb_1__202402	Mycobacterium tuberculosis	false	hac	dna_r10.4.1_e8.2_400bps_hac@v4.3.0	50	smallvar_haploid	D		dna_r10.4.1_e8.2_400bps_hac@v6.0.0_smallvar@v1.0	version	default_pass	ALL	0	1.000000	0.995178	0.997583	26.167233	2270	2270	11	0
AMtb_1__202402	Mycobacterium tuberculosis	false	hac	dna_r10.4.1_e8.2_400bps_hac@v4.3.0	50	main	C		r1041_e82_400bps_hac_v430	none	sweep_best	SNP	0	1.000000	1.000000	1.000000	60.000000	2102	2102	0	0
AMtb_1__202402	Mycobacterium tuberculosis	false	hac	dna_r10.4.1_e8.2_400bps_hac@v4.3.0	50	main	C		r1041_e82_400bps_hac_v430	none	sweep_best	INDEL	0	1.000000	0.972067	0.985836	18.488141	174	174	5	0
AMtb_1__202402	Mycobacterium tuberculosis	false	hac	dna_r10.4.1_e8.2_400bps_hac@v4.3.0	50	main	C		r1041_e82_400bps_hac_v430	none	sweep_best	ALL	0	1.000000	0.997808	0.998903	29.597934	2276	2276	5	0
AMtb_1__202402	Mycobacterium tuberculosis	false	hac	dna_r10.4.1_e8.2_400bps_hac@v4.3.0	50	main	C		r1041_e82_400bps_hac_v430	none	default_pass	SNP	0	1.000000	1.000000	1.000000	60.000000	2102	2102	0	0
AMtb_1__202402	Mycobacterium tuberculosis	false	hac	dna_r10.4.1_e8.2_400bps_hac@v4.3.0	50	main	C		r1041_e82_400bps_hac_v430	none	default_pass	INDEL	0	1.000000	0.966480	0.982955	17.684030	173	173	6	0
AMtb_1__202402	Mycobacterium tuberculosis	false	hac	dna_r10.4.1_e8.2_400bps_hac@v4.3.0	50	main	C		r1041_e82_400bps_hac_v430	none	default_pass	ALL	0	1.000000	0.997370	0.998683	28.804142	2275	2275	6	0
AMtb_1__202402	Mycobacterium tuberculosis	false	hac	dna_r10.4.1_e8.2_400bps_hac@v4.3.0	50	main	D		dna_r10.4.1_e8.2_400bps_polish_bacterial_methylation_v5.0.0	none	sweep_best	SNP	3	1.000000	1.000000	1.000000	60.000000	2102	2102	0	0
AMtb_1__202402	Mycobacterium tuberculosis	false	hac	dna_r10.4.1_e8.2_400bps_hac@v4.3.0	50	main	D		dna_r10.4.1_e8.2_400bps_polish_bacterial_methylation_v5.0.0	none	sweep_best	INDEL	1	0.987578	0.888268	0.935294	11.890554	159	159	20	2
AMtb_1__202402	Mycobacterium tuberculosis	false	hac	dna_r10.4.1_e8.2_400bps_hac@v4.3.0	50	main	D		dna_r10.4.1_e8.2_400bps_polish_bacterial_methylation_v5.0.0	none	sweep_best	ALL	3	0.999558	0.990794	0.995156	23.147959	2260	2260	21	1
AMtb_1__202402	Mycobacterium tuberculosis	false	hac	dna_r10.4.1_e8.2_400bps_hac@v4.3.0	50	main	D		dna_r10.4.1_e8.2_400bps_polish_bacterial_methylation_v5.0.0	none	default_pass	SNP	0	1.000000	1.000000	1.000000	60.000000	2102	2102	0	0
AMtb_1__202402	Mycobacterium tuberculosis	false	hac	dna_r10.4.1_e8.2_400bps_hac@v4.3.0	50	main	D		dna_r10.4.1_e8.2_400bps_polish_bacterial_methylation_v5.0.0	none	default_pass	INDEL	0	0.987500	0.882682	0.932153	11.684694	158	158	21	2
AMtb_1__202402	Mycobacterium tuberculosis	false	hac	dna_r10.4.1_e8.2_400bps_hac@v4.3.0	50	main	D		dna_r10.4.1_e8.2_400bps_polish_bacterial_methylation_v5.0.0	none	default_pass	ALL	0	0.999116	0.990794	0.994937	22.955921	2260	2260	21	2
AMtb_1__202402	Mycobacterium tuberculosis	false	hac	dna_r10.4.1_e8.2_400bps_hac@v4.3.0	50	af_filter	C	0.65	r1041_e82_400bps_hac_v430	none	sweep_best	SNP	0	1.000000	1.000000	1.000000	60.000000	2102	2102	0	0
AMtb_1__202402	Mycobacterium tuberculosis	false	hac	dna_r10.4.1_e8.2_400bps_hac@v4.3.0	50	af_filter	C	0.65	r1041_e82_400bps_hac_v430	none	sweep_best	INDEL	0	1.000000	0.972067	0.985836	18.488141	174	174	5	0
AMtb_1__202402	Mycobacterium tuberculosis	false	hac	dna_r10.4.1_e8.2_400bps_hac@v4.3.0	50	af_filter	C	0.65	r1041_e82_400bps_hac_v430	none	sweep_best	ALL	0	1.000000	0.997808	0.998903	29.597934	2276	2276	5	0
AMtb_1__202402	Mycobacterium tuberculosis	false	hac	dna_r10.4.1_e8.2_400bps_hac@v4.3.0	50	af_filter	C	0.65	r1041_e82_400bps_hac_v430	none	default_pass	SNP	0	1.000000	1.000000	1.000000	60.000000	2102	2102	0	0
AMtb_1__202402	Mycobacterium tuberculosis	false	hac	dna_r10.4.1_e8.2_400bps_hac@v4.3.0	50	af_filter	C	0.65	r1041_e82_400bps_hac_v430	none	default_pass	INDEL	0	1.000000	0.966480	0.982955	17.684030	173	173	6	0
AMtb_1__202402	Mycobacterium tuberculosis	false	hac	dna_r10.4.1_e8.2_400bps_hac@v4.3.0	50	af_filter	C	0.65	r1041_e82_400bps_hac_v430	none	default_pass	ALL	0	1.000000	0.997370	0.998683	28.804142	2275	2275	6	0
AMtb_1__202402	Mycobacterium tuberculosis	false	sup	dna_r10.4.1_e8.2_400bps_sup@v4.3.0	10	smallvar_haploid	D		dna_r10.4.1_e8.2_400bps_hac@v6.0.0_smallvar@v1.0	tier_and_version	sweep_best	SNP	0	1.000000	0.995243	0.997616	26.226937	2092	2092	10	0
AMtb_1__202402	Mycobacterium tuberculosis	false	sup	dna_r10.4.1_e8.2_400bps_sup@v4.3.0	10	smallvar_haploid	D		dna_r10.4.1_e8.2_400bps_hac@v6.0.0_smallvar@v1.0	tier_and_version	sweep_best	INDEL	2	0.994220	0.960894	0.977273	16.434579	172	172	7	1
AMtb_1__202402	Mycobacterium tuberculosis	false	sup	dna_r10.4.1_e8.2_400bps_sup@v4.3.0	10	smallvar_haploid	D		dna_r10.4.1_e8.2_400bps_hac@v6.0.0_smallvar@v1.0	tier_and_version	sweep_best	ALL	2	0.999559	0.992547	0.996040	24.023048	2264	2264	17	1
AMtb_1__202402	Mycobacterium tuberculosis	false	sup	dna_r10.4.1_e8.2_400bps_sup@v4.3.0	10	smallvar_haploid	D		dna_r10.4.1_e8.2_400bps_hac@v6.0.0_smallvar@v1.0	tier_and_version	default_pass	SNP	0	1.000000	0.994291	0.997137	25.431787	2090	2090	12	0
AMtb_1__202402	Mycobacterium tuberculosis	false	sup	dna_r10.4.1_e8.2_400bps_sup@v4.3.0	10	smallvar_haploid	D		dna_r10.4.1_e8.2_400bps_hac@v6.0.0_smallvar@v1.0	tier_and_version	default_pass	INDEL	0	0.994152	0.949721	0.971429	15.440746	170	170	9	1
AMtb_1__202402	Mycobacterium tuberculosis	false	sup	dna_r10.4.1_e8.2_400bps_sup@v4.3.0	10	smallvar_haploid	D		dna_r10.4.1_e8.2_400bps_hac@v6.0.0_smallvar@v1.0	tier_and_version	default_pass	ALL	0	0.999558	0.990794	0.995156	23.147959	2260	2260	21	1
AMtb_1__202402	Mycobacterium tuberculosis	false	sup	dna_r10.4.1_e8.2_400bps_sup@v4.3.0	10	main	C		r1041_e82_400bps_sup_v430	none	sweep_best	SNP	0	1.000000	0.998573	0.999286	31.463018	2099	2099	3	0
AMtb_1__202402	Mycobacterium tuberculosis	false	sup	dna_r10.4.1_e8.2_400bps_sup@v4.3.0	10	main	C		r1041_e82_400bps_sup_v430	none	sweep_best	INDEL	1	0.988024	0.921788	0.953757	13.349540	165	165	14	2
AMtb_1__202402	Mycobacterium tuberculosis	false	sup	dna_r10.4.1_e8.2_400bps_sup@v4.3.0	10	main	C		r1041_e82_400bps_sup_v430	none	sweep_best	ALL	1	0.999117	0.992547	0.995821	23.789276	2264	2264	17	2
AMtb_1__202402	Mycobacterium tuberculosis	false	sup	dna_r10.4.1_e8.2_400bps_sup@v4.3.0	10	main	C		r1041_e82_400bps_sup_v430	none	default_pass	SNP	0	1.000000	0.998573	0.999286	31.463018	2099	2099	3	0
AMtb_1__202402	Mycobacterium tuberculosis	false	sup	dna_r10.4.1_e8.2_400bps_sup@v4.3.0	10	main	C		r1041_e82_400bps_sup_v430	none	default_pass	INDEL	0	0.993902	0.910615	0.950437	13.048424	163	163	16	1
AMtb_1__202402	Mycobacterium tuberculosis	false	sup	dna_r10.4.1_e8.2_400bps_sup@v4.3.0	10	main	C		r1041_e82_400bps_sup_v430	none	default_pass	ALL	0	0.999558	0.991670	0.995599	23.564486	2262	2262	19	1
AMtb_1__202402	Mycobacterium tuberculosis	false	sup	dna_r10.4.1_e8.2_400bps_sup@v4.3.0	10	main	D		dna_r10.4.1_e8.2_400bps_polish_bacterial_methylation_v5.0.0	none	sweep_best	SNP	6	1.000000	1.000000	1.000000	60.000000	2102	2102	0	0
AMtb_1__202402	Mycobacterium tuberculosis	false	sup	dna_r10.4.1_e8.2_400bps_sup@v4.3.0	10	main	D		dna_r10.4.1_e8.2_400bps_polish_bacterial_methylation_v5.0.0	none	sweep_best	INDEL	1	0.938202	0.932961	0.935574	11.909388	167	167	12	11
AMtb_1__202402	Mycobacterium tuberculosis	false	sup	dna_r10.4.1_e8.2_400bps_sup@v4.3.0	10	main	D		dna_r10.4.1_e8.2_400bps_polish_bacterial_methylation_v5.0.0	none	sweep_best	ALL	1	0.994739	0.994739	0.994739	22.789317	2269	2269	12	12
AMtb_1__202402	Mycobacterium tuberculosis	false	sup	dna_r10.4.1_e8.2_400bps_sup@v4.3.0	10	main	D		dna_r10.4.1_e8.2_400bps_polish_bacterial_methylation_v5.0.0	none	default_pass	SNP	0	0.999524	1.000000	0.999762	36.234230	2102	2102	0	1
AMtb_1__202402	Mycobacterium tuberculosis	false	sup	dna_r10.4.1_e8.2_400bps_sup@v4.3.0	10	main	D		dna_r10.4.1_e8.2_400bps_polish_bacterial_methylation_v5.0.0	none	default_pass	INDEL	0	0.936416	0.905028	0.920455	10.993871	162	162	17	11
AMtb_1__202402	Mycobacterium tuberculosis	false	sup	dna_r10.4.1_e8.2_400bps_sup@v4.3.0	10	main	D		dna_r10.4.1_e8.2_400bps_polish_bacterial_methylation_v5.0.0	none	default_pass	ALL	0	0.994728	0.992547	0.993636	21.962698	2264	2264	17	12
AMtb_1__202402	Mycobacterium tuberculosis	false	sup	dna_r10.4.1_e8.2_400bps_sup@v4.3.0	10	af_filter	C	0.65	r1041_e82_400bps_sup_v430	none	sweep_best	SNP	0	1.000000	1.000000	1.000000	60.000000	2102	2102	0	0
AMtb_1__202402	Mycobacterium tuberculosis	false	sup	dna_r10.4.1_e8.2_400bps_sup@v4.3.0	10	af_filter	C	0.65	r1041_e82_400bps_sup_v430	none	sweep_best	INDEL	1	0.976879	0.944134	0.960227	14.004116	169	169	10	4
AMtb_1__202402	Mycobacterium tuberculosis	false	sup	dna_r10.4.1_e8.2_400bps_sup@v4.3.0	10	af_filter	C	0.65	r1041_e82_400bps_sup_v430	none	sweep_best	ALL	1	0.998242	0.995616	0.996927	25.124374	2271	2271	10	4
AMtb_1__202402	Mycobacterium tuberculosis	false	sup	dna_r10.4.1_e8.2_400bps_sup@v4.3.0	10	af_filter	C	0.65	r1041_e82_400bps_sup_v430	none	default_pass	SNP	0	1.000000	1.000000	1.000000	60.000000	2102	2102	0	0
AMtb_1__202402	Mycobacterium tuberculosis	false	sup	dna_r10.4.1_e8.2_400bps_sup@v4.3.0	10	af_filter	C	0.65	r1041_e82_400bps_sup_v430	none	default_pass	INDEL	0	0.988166	0.932961	0.959770	13.954500	167	167	12	2
AMtb_1__202402	Mycobacterium tuberculosis	false	sup	dna_r10.4.1_e8.2_400bps_sup@v4.3.0	10	af_filter	C	0.65	r1041_e82_400bps_sup_v430	none	default_pass	ALL	0	0.999119	0.994739	0.996924	25.120137	2269	2269	12	2
AMtb_1__202402	Mycobacterium tuberculosis	false	sup	dna_r10.4.1_e8.2_400bps_sup@v4.3.0	50	smallvar_haploid	D		dna_r10.4.1_e8.2_400bps_hac@v6.0.0_smallvar@v1.0	tier_and_version	sweep_best	SNP	0	1.000000	0.999049	0.999524	33.223930	2100	2100	2	0
AMtb_1__202402	Mycobacterium tuberculosis	false	sup	dna_r10.4.1_e8.2_400bps_sup@v4.3.0	50	smallvar_haploid	D		dna_r10.4.1_e8.2_400bps_hac@v6.0.0_smallvar@v1.0	tier_and_version	sweep_best	INDEL	0	1.000000	0.994413	0.997199	25.526869	178	178	1	0
AMtb_1__202402	Mycobacterium tuberculosis	false	sup	dna_r10.4.1_e8.2_400bps_sup@v4.3.0	50	smallvar_haploid	D		dna_r10.4.1_e8.2_400bps_hac@v6.0.0_smallvar@v1.0	tier_and_version	sweep_best	ALL	0	1.000000	0.998685	0.999342	31.817741	2278	2278	3	0
AMtb_1__202402	Mycobacterium tuberculosis	false	sup	dna_r10.4.1_e8.2_400bps_sup@v4.3.0	50	smallvar_haploid	D		dna_r10.4.1_e8.2_400bps_hac@v6.0.0_smallvar@v1.0	tier_and_version	default_pass	SNP	0	1.000000	0.998573	0.999286	31.463018	2099	2099	3	0
AMtb_1__202402	Mycobacterium tuberculosis	false	sup	dna_r10.4.1_e8.2_400bps_sup@v4.3.0	50	smallvar_haploid	D		dna_r10.4.1_e8.2_400bps_hac@v6.0.0_smallvar@v1.0	tier_and_version	default_pass	INDEL	0	1.000000	0.994413	0.997199	25.526869	178	178	1	0
AMtb_1__202402	Mycobacterium tuberculosis	false	sup	dna_r10.4.1_e8.2_400bps_sup@v4.3.0	50	smallvar_haploid	D		dna_r10.4.1_e8.2_400bps_hac@v6.0.0_smallvar@v1.0	tier_and_version	default_pass	ALL	0	1.000000	0.998246	0.999122	30.565055	2277	2277	4	0
AMtb_1__202402	Mycobacterium tuberculosis	false	sup	dna_r10.4.1_e8.2_400bps_sup@v4.3.0	50	main	C		r1041_e82_400bps_sup_v430	none	sweep_best	SNP	0	1.000000	1.000000	1.000000	60.000000	2102	2102	0	0
AMtb_1__202402	Mycobacterium tuberculosis	false	sup	dna_r10.4.1_e8.2_400bps_sup@v4.3.0	50	main	C		r1041_e82_400bps_sup_v430	none	sweep_best	INDEL	0	1.000000	1.000000	1.000000	60.000000	179	179	0	0
AMtb_1__202402	Mycobacterium tuberculosis	false	sup	dna_r10.4.1_e8.2_400bps_sup@v4.3.0	50	main	C		r1041_e82_400bps_sup_v430	none	sweep_best	ALL	0	1.000000	1.000000	1.000000	60.000000	2281	2281	0	0
AMtb_1__202402	Mycobacterium tuberculosis	false	sup	dna_r10.4.1_e8.2_400bps_sup@v4.3.0	50	main	C		r1041_e82_400bps_sup_v430	none	default_pass	SNP	0	1.000000	1.000000	1.000000	60.000000	2102	2102	0	0
AMtb_1__202402	Mycobacterium tuberculosis	false	sup	dna_r10.4.1_e8.2_400bps_sup@v4.3.0	50	main	C		r1041_e82_400bps_sup_v430	none	default_pass	INDEL	0	1.000000	0.983240	0.991549	20.730919	176	176	3	0
AMtb_1__202402	Mycobacterium tuberculosis	false	sup	dna_r10.4.1_e8.2_400bps_sup@v4.3.0	50	main	C		r1041_e82_400bps_sup_v430	none	default_pass	ALL	0	1.000000	0.998685	0.999342	31.817741	2278	2278	3	0
AMtb_1__202402	Mycobacterium tuberculosis	false	sup	dna_r10.4.1_e8.2_400bps_sup@v4.3.0	50	main	D		dna_r10.4.1_e8.2_400bps_polish_bacterial_methylation_v5.0.0	none	sweep_best	SNP	0	1.000000	1.000000	1.000000	60.000000	2102	2102	0	0
AMtb_1__202402	Mycobacterium tuberculosis	false	sup	dna_r10.4.1_e8.2_400bps_sup@v4.3.0	50	main	D		dna_r10.4.1_e8.2_400bps_polish_bacterial_methylation_v5.0.0	none	sweep_best	INDEL	0	0.994350	0.983240	0.988764	19.493883	176	176	3	1
AMtb_1__202402	Mycobacterium tuberculosis	false	sup	dna_r10.4.1_e8.2_400bps_sup@v4.3.0	50	main	D		dna_r10.4.1_e8.2_400bps_polish_bacterial_methylation_v5.0.0	none	sweep_best	ALL	0	0.999561	0.998685	0.999123	30.570004	2278	2278	3	1
AMtb_1__202402	Mycobacterium tuberculosis	false	sup	dna_r10.4.1_e8.2_400bps_sup@v4.3.0	50	main	D		dna_r10.4.1_e8.2_400bps_polish_bacterial_methylation_v5.0.0	none	default_pass	SNP	0	1.000000	1.000000	1.000000	60.000000	2102	2102	0	0
AMtb_1__202402	Mycobacterium tuberculosis	false	sup	dna_r10.4.1_e8.2_400bps_sup@v4.3.0	50	main	D		dna_r10.4.1_e8.2_400bps_polish_bacterial_methylation_v5.0.0	none	default_pass	INDEL	0	1.000000	0.955307	0.977143	16.409808	171	171	8	0
AMtb_1__202402	Mycobacterium tuberculosis	false	sup	dna_r10.4.1_e8.2_400bps_sup@v4.3.0	50	main	D		dna_r10.4.1_e8.2_400bps_polish_bacterial_methylation_v5.0.0	none	default_pass	ALL	0	1.000000	0.996493	0.998243	27.552282	2273	2273	8	0
AMtb_1__202402	Mycobacterium tuberculosis	false	sup	dna_r10.4.1_e8.2_400bps_sup@v4.3.0	50	af_filter	C	0.65	r1041_e82_400bps_sup_v430	none	sweep_best	SNP	0	1.000000	1.000000	1.000000	60.000000	2102	2102	0	0
AMtb_1__202402	Mycobacterium tuberculosis	false	sup	dna_r10.4.1_e8.2_400bps_sup@v4.3.0	50	af_filter	C	0.65	r1041_e82_400bps_sup_v430	none	sweep_best	INDEL	0	1.000000	1.000000	1.000000	60.000000	179	179	0	0
AMtb_1__202402	Mycobacterium tuberculosis	false	sup	dna_r10.4.1_e8.2_400bps_sup@v4.3.0	50	af_filter	C	0.65	r1041_e82_400bps_sup_v430	none	sweep_best	ALL	0	1.000000	1.000000	1.000000	60.000000	2281	2281	0	0
AMtb_1__202402	Mycobacterium tuberculosis	false	sup	dna_r10.4.1_e8.2_400bps_sup@v4.3.0	50	af_filter	C	0.65	r1041_e82_400bps_sup_v430	none	default_pass	SNP	0	1.000000	1.000000	1.000000	60.000000	2102	2102	0	0
AMtb_1__202402	Mycobacterium tuberculosis	false	sup	dna_r10.4.1_e8.2_400bps_sup@v4.3.0	50	af_filter	C	0.65	r1041_e82_400bps_sup_v430	none	default_pass	INDEL	0	1.000000	0.983240	0.991549	20.730919	176	176	3	0
AMtb_1__202402	Mycobacterium tuberculosis	false	sup	dna_r10.4.1_e8.2_400bps_sup@v4.3.0	50	af_filter	C	0.65	r1041_e82_400bps_sup_v430	none	default_pass	ALL	0	1.000000	0.998685	0.999342	31.817741	2278	2278	3	0
