Step,Arms,Tool,Version,Alignment,Device,Timing only,Hardware,Threads,Depth (x),Read sets,Wall time median (s),Wall time min (s),Wall time max (s),Peak RSS median (MB),Peak RSS min (MB),Peak RSS max (MB)
Alignment,A (paper),minimap2,2.26,minimap2-2.26-map-ont,CPU,no,CPU: AMD EPYC 9745,8,5,28,1.8,0.79,3.59,201.1,68.5,435.6
Alignment,A (paper),minimap2,2.26,minimap2-2.26-map-ont,CPU,no,CPU: AMD EPYC 9745,8,10,28,3.23,1.35,6.57,277.3,162.3,561.0
Alignment,A (paper),minimap2,2.26,minimap2-2.26-map-ont,CPU,no,CPU: AMD EPYC 9745,8,25,28,7.66,3.13,19.88,461.5,266.9,832.0
Alignment,A (paper),minimap2,2.26,minimap2-2.26-map-ont,CPU,no,CPU: AMD EPYC 9745,8,50,28,13.85,6.61,29.61,774.5,419.0,1370.8
Alignment,"B (lr:hq post), C (current Clair3), D (Dorado)",minimap2,2.31,minimap2-2.31-lrhq,CPU,no,CPU: AMD EPYC 9745,8,5,28,1.78,0.9,4.1,246.5,29.2,555.1
Alignment,"B (lr:hq post), C (current Clair3), D (Dorado)",minimap2,2.31,minimap2-2.31-lrhq,CPU,no,CPU: AMD EPYC 9745,8,10,28,2.94,1.39,6.62,344.6,145.2,808.5
Alignment,"B (lr:hq post), C (current Clair3), D (Dorado)",minimap2,2.31,minimap2-2.31-lrhq,CPU,no,CPU: AMD EPYC 9745,8,25,28,6.44,2.8,15.88,587.7,311.0,1541.1
Alignment,"B (lr:hq post), C (current Clair3), D (Dorado)",minimap2,2.31,minimap2-2.31-lrhq,CPU,no,CPU: AMD EPYC 9745,8,50,28,12.08,6.15,22.87,942.2,516.7,2128.0
Variant calling,A (paper),Clair3,1.0.5,minimap2-2.26-map-ont,CPU,no,CPU: AMD EPYC 9745,8,5,28,164.4,82.18,330.21,2392.0,896.9,4272.6
Variant calling,A (paper),Clair3,1.0.5,minimap2-2.26-map-ont,CPU,no,CPU: AMD EPYC 9745,8,10,28,168.23,94.13,348.8,2256.3,1342.7,4582.9
Variant calling,A (paper),Clair3,1.0.5,minimap2-2.26-map-ont,CPU,no,CPU: AMD EPYC 9745,8,25,28,83.28,47.46,171.06,1519.2,886.3,4948.8
Variant calling,A (paper),Clair3,1.0.5,minimap2-2.26-map-ont,CPU,no,CPU: AMD EPYC 9745,8,50,28,59.54,34.97,102.54,1257.4,674.6,5171.6
Variant calling,B (lr:hq post),Clair3,1.0.5,minimap2-2.31-lrhq,CPU,no,CPU: AMD EPYC 9745,8,5,28,168.14,83.2,318.24,2316.8,789.7,4370.8
Variant calling,B (lr:hq post),Clair3,1.0.5,minimap2-2.31-lrhq,CPU,no,CPU: AMD EPYC 9745,8,10,28,164.29,96.69,325.02,2392.2,783.9,4592.6
Variant calling,B (lr:hq post),Clair3,1.0.5,minimap2-2.31-lrhq,CPU,no,CPU: AMD EPYC 9745,8,25,28,80.3,44.07,164.41,1588.4,616.1,4927.3
Variant calling,B (lr:hq post),Clair3,1.0.5,minimap2-2.31-lrhq,CPU,no,CPU: AMD EPYC 9745,8,50,28,61.46,37.41,101.49,1243.3,583.3,5222.4
Variant calling,C (current Clair3),Clair3,2.0.3,minimap2-2.31-lrhq,CPU,no,CPU: AMD EPYC 9745,8,5,28,116.62,65.25,218.96,2071.4,767.4,3657.3
Variant calling,C (current Clair3),Clair3,2.0.3,minimap2-2.31-lrhq,CPU,no,CPU: AMD EPYC 9745,8,10,28,119.37,72.49,220.08,2051.8,807.0,3812.6
Variant calling,C (current Clair3),Clair3,2.0.3,minimap2-2.31-lrhq,CPU,no,CPU: AMD EPYC 9745,8,25,28,64.1,36.48,113.03,1187.2,573.9,3875.0
Variant calling,C (current Clair3),Clair3,2.0.3,minimap2-2.31-lrhq,CPU,no,CPU: AMD EPYC 9745,8,50,28,48.61,25.76,88.35,1049.2,684.4,4494.4
Variant calling,D (Dorado),dorado polish,2.1.2,minimap2-2.31-lrhq,GPU,no,NVIDIA H100 80GB HBM3,8,5,28,3.85,2.5,8.73,1158.1,862.9,1585.0
Variant calling,D (Dorado),dorado polish,2.1.2,minimap2-2.31-lrhq,GPU,no,NVIDIA H100 80GB HBM3,8,10,28,4.62,2.53,8.78,1308.8,849.0,1731.7
Variant calling,D (Dorado),dorado polish,2.1.2,minimap2-2.31-lrhq,GPU,no,NVIDIA H100 80GB HBM3,8,25,28,3.78,2.52,9.75,1249.2,938.2,1716.3
Variant calling,D (Dorado),dorado polish,2.1.2,minimap2-2.31-lrhq,GPU,no,NVIDIA H100 80GB HBM3,8,50,28,4.62,2.54,9.83,1388.4,1035.3,1827.4
Variant calling,D (Dorado),dorado polish,2.1.2,minimap2-2.31-lrhq,CPU,yes,CPU: AMD EPYC 9745,8,50,28,59.14,26.69,113.13,9659.6,7052.2,12482.5
