sample	read_model	depth	arm	var_type	min_qual	prec	recall	f1_score	f1_qscore	truth_total	truth_tp	truth_fn	query_total	query_tp	query_fp
ATCC_25922__202309	hac	50	D	SNP	0	0.999779	0.998455	0.999117	30.538424	4531	4524	7	4523	4522	1
ATCC_25922__202309	hac	50	D	SNP	1	0.999779	0.998455	0.999117	30.538424	4531	4524	7	4523	4522	1
ATCC_25922__202309	hac	50	D	SNP	2	0.999779	0.998455	0.999117	30.538424	4531	4524	7	4523	4522	1
ATCC_25922__202309	hac	50	D	SNP	3	0.999779	0.998455	0.999117	30.538424	4531	4524	7	4523	4522	1
ATCC_25922__202309	hac	50	D	SNP	4	0.999779	0.998234	0.999006	30.026279	4531	4523	8	4522	4521	1
ATCC_25922__202309	hac	50	D	SNP	5	0.999779	0.998234	0.999006	30.026279	4531	4523	8	4522	4521	1
ATCC_25922__202309	hac	50	D	SNP	6	0.999779	0.997793	0.998785	29.153666	4531	4521	10	4520	4519	1
ATCC_25922__202309	hac	50	D	SNP	7	0.999779	0.997793	0.998785	29.153666	4531	4521	10	4520	4519	1
ATCC_25922__202309	hac	50	D	SNP	8	0.999779	0.997572	0.998674	28.775656	4531	4520	11	4519	4518	1
ATCC_25922__202309	hac	50	D	SNP	9	0.999778	0.996469	0.998121	27.260372	4531	4515	16	4514	4513	1
ATCC_25922__202309	hac	50	D	SNP	10	0.999778	0.996248	0.998010	27.011684	4531	4514	17	4513	4512	1
ATCC_25922__202309	hac	50	D	SNP	11	0.999778	0.996248	0.998010	27.011684	4531	4514	17	4513	4512	1
ATCC_25922__202309	hac	50	D	SNP	12	0.999778	0.994041	0.996901	25.088001	4531	4504	27	4503	4502	1
ATCC_25922__202309	hac	50	D	SNP	13	0.999778	0.992496	0.996124	24.115662	4531	4497	34	4496	4495	1
ATCC_25922__202309	hac	50	D	SNP	14	0.999778	0.992496	0.996124	24.115662	4531	4497	34	4496	4495	1
ATCC_25922__202309	hac	50	D	SNP	15	0.999777	0.991393	0.995567	23.533339	4531	4492	39	4491	4490	1
ATCC_25922__202309	hac	50	D	SNP	16	0.999777	0.990951	0.995345	23.320522	4531	4490	41	4489	4488	1
ATCC_25922__202309	hac	50	D	SNP	17	0.999777	0.990068	0.994899	22.923426	4531	4486	45	4485	4484	1
ATCC_25922__202309	hac	50	D	SNP	18	0.999777	0.989406	0.994565	22.647678	4531	4483	48	4482	4481	1
ATCC_25922__202309	hac	50	D	SNP	19	0.999777	0.988744	0.994230	22.388132	4531	4480	51	4479	4478	1
ATCC_25922__202309	hac	50	D	SNP	20	0.999776	0.986096	0.992889	21.480612	4531	4468	63	4469	4468	1
ATCC_25922__202309	hac	50	D	SNP	21	0.999776	0.985213	0.992441	21.215424	4531	4464	67	4465	4464	1
ATCC_25922__202309	hac	50	D	SNP	22	0.999775	0.982344	0.990983	20.449385	4531	4451	80	4452	4451	1
ATCC_25922__202309	hac	50	D	SNP	23	0.999775	0.980358	0.989971	19.987442	4531	4442	89	4443	4442	1
ATCC_25922__202309	hac	50	D	SNP	24	0.999775	0.978592	0.989070	19.613728	4531	4434	97	4435	4434	1
ATCC_25922__202309	hac	50	D	SNP	25	0.999774	0.977709	0.988619	19.438025	4531	4430	101	4431	4430	1
ATCC_25922__202309	hac	50	D	SNP	26	0.999774	0.976826	0.988167	19.269047	4531	4426	105	4427	4426	1
ATCC_25922__202309	hac	50	D	SNP	27	0.999774	0.975723	0.987602	19.066462	4531	4421	110	4422	4421	1
ATCC_25922__202309	hac	50	D	SNP	28	0.999774	0.974178	0.986810	18.797483	4531	4414	117	4415	4414	1
ATCC_25922__202309	hac	50	D	SNP	29	0.999773	0.972633	0.986016	18.543770	4531	4407	124	4408	4407	1
ATCC_25922__202309	hac	50	D	SNP	30	0.999773	0.970426	0.984881	18.204679	4531	4397	134	4398	4397	1
ATCC_25922__202309	hac	50	D	SNP	31	0.999772	0.967778	0.983515	17.829006	4531	4385	146	4386	4385	1
ATCC_25922__202309	hac	50	D	SNP	32	0.999771	0.964467	0.981802	17.399733	4531	4370	161	4371	4370	1
ATCC_25922__202309	hac	50	D	SNP	33	0.999771	0.962039	0.980542	17.109045	4531	4359	172	4360	4359	1
ATCC_25922__202309	hac	50	D	SNP	34	0.999770	0.960053	0.979509	16.884394	4531	4350	181	4351	4350	1
ATCC_25922__202309	hac	50	D	SNP	35	0.999770	0.958729	0.978819	16.740587	4531	4344	187	4345	4344	1
ATCC_25922__202309	hac	50	D	SNP	36	0.999770	0.957625	0.978244	16.624151	4531	4339	192	4340	4339	1
ATCC_25922__202309	hac	50	D	SNP	37	0.999769	0.956301	0.977552	16.488258	4531	4333	198	4334	4333	1
ATCC_25922__202309	hac	50	D	SNP	38	0.999768	0.952991	0.975819	16.165289	4531	4318	213	4319	4318	1
ATCC_25922__202309	hac	50	D	SNP	39	0.999768	0.950121	0.974313	15.902789	4531	4305	226	4306	4305	1
ATCC_25922__202309	hac	50	D	SNP	40	0.999767	0.948797	0.973616	15.786545	4531	4299	232	4300	4299	1
ATCC_25922__202309	hac	50	D	SNP	41	0.999766	0.943500	0.970819	15.348953	4531	4275	256	4276	4275	1
ATCC_25922__202309	hac	50	D	SNP	42	0.999765	0.939528	0.968711	15.046061	4531	4257	274	4258	4257	1
ATCC_25922__202309	hac	50	D	SNP	43	0.999764	0.934010	0.965769	14.655810	4531	4232	299	4233	4232	1
ATCC_25922__202309	hac	50	D	SNP	44	0.999762	0.928272	0.962692	14.281941	4531	4206	325	4207	4206	1
ATCC_25922__202309	hac	50	D	SNP	45	0.999760	0.920768	0.958640	13.834167	4531	4172	359	4173	4172	1
ATCC_25922__202309	hac	50	D	SNP	46	0.999759	0.914147	0.955038	13.471545	4531	4142	389	4143	4142	1
ATCC_25922__202309	hac	50	D	SNP	47	0.999756	0.902671	0.948736	12.901861	4531	4090	441	4091	4090	1
ATCC_25922__202309	hac	50	D	SNP	48	0.999750	0.884352	0.938517	12.112477	4531	4007	524	4008	4007	1
ATCC_25922__202309	hac	50	D	SNP	49	0.999744	0.862061	0.925812	11.296653	4531	3906	625	3907	3906	1
ATCC_25922__202309	hac	50	D	SNP	50	0.999733	0.826749	0.905050	10.225030	4531	3746	785	3747	3746	1
ATCC_25922__202309	hac	50	D	SNP	51	0.999721	0.790113	0.882643	9.304910	4531	3580	951	3581	3580	1
ATCC_25922__202309	hac	50	D	SNP	52	0.999701	0.739130	0.849892	8.235964	4531	3349	1182	3350	3349	1
ATCC_25922__202309	hac	50	D	SNP	53	0.999681	0.691238	0.817328	7.383276	4531	3132	1399	3133	3132	1
ATCC_25922__202309	hac	50	D	SNP	54	0.999648	0.626352	0.770149	6.385540	4531	2838	1693	2839	2838	1
ATCC_25922__202309	hac	50	D	SNP	55	0.999597	0.547782	0.707727	5.342119	4531	2482	2049	2483	2482	1
ATCC_25922__202309	hac	50	D	SNP	56	0.999538	0.477599	0.646356	4.514338	4531	2164	2367	2165	2164	1
ATCC_25922__202309	hac	50	D	SNP	57	0.999427	0.385125	0.555998	3.526152	4531	1745	2786	1746	1745	1
ATCC_25922__202309	hac	50	D	SNP	58	0.999273	0.303465	0.465549	2.720924	4531	1375	3156	1376	1375	1
ATCC_25922__202309	hac	50	D	SNP	59	1.000000	0.212094	0.349964	1.870623	4531	961	3570	961	961	0
ATCC_25922__202309	hac	50	D	SNP	60	1.000000	0.148532	0.258647	1.299751	4531	673	3858	673	673	0
ATCC_25922__202309	hac	50	D	INDEL	0	0.997199	0.983379	0.990241	20.105917	361	355	6	357	356	1
ATCC_25922__202309	hac	50	D	INDEL	1	0.997199	0.983379	0.990241	20.105917	361	355	6	357	356	1
ATCC_25922__202309	hac	50	D	INDEL	2	0.997199	0.983379	0.990241	20.105917	361	355	6	357	356	1
ATCC_25922__202309	hac	50	D	INDEL	3	0.997199	0.983379	0.990241	20.105917	361	355	6	357	356	1
ATCC_25922__202309	hac	50	D	INDEL	4	1.000000	0.980609	0.990210	20.092093	361	354	7	355	355	0
ATCC_25922__202309	hac	50	D	INDEL	5	1.000000	0.980609	0.990210	20.092093	361	354	7	355	355	0
ATCC_25922__202309	hac	50	D	INDEL	6	1.000000	0.980609	0.990210	20.092093	361	354	7	355	355	0
ATCC_25922__202309	hac	50	D	INDEL	7	1.000000	0.977839	0.988796	19.506083	361	353	8	354	354	0
ATCC_25922__202309	hac	50	D	INDEL	8	1.000000	0.975069	0.987377	18.988453	361	352	9	353	353	0
ATCC_25922__202309	hac	50	D	INDEL	9	1.000000	0.969529	0.984529	18.104753	361	350	11	351	351	0
ATCC_25922__202309	hac	50	D	INDEL	10	1.000000	0.966759	0.983099	17.720779	361	349	12	350	350	0
ATCC_25922__202309	hac	50	D	INDEL	11	1.000000	0.966759	0.983099	17.720779	361	349	12	350	350	0
ATCC_25922__202309	hac	50	D	INDEL	12	1.000000	0.958449	0.978784	16.733284	361	346	15	347	347	0
ATCC_25922__202309	hac	50	D	INDEL	13	1.000000	0.950139	0.974432	15.923000	361	343	18	344	344	0
ATCC_25922__202309	hac	50	D	INDEL	14	1.000000	0.944598	0.971510	15.453065	361	341	20	342	342	0
ATCC_25922__202309	hac	50	D	INDEL	15	1.000000	0.944598	0.971510	15.453065	361	341	20	342	342	0
ATCC_25922__202309	hac	50	D	INDEL	16	1.000000	0.941828	0.970043	15.234982	361	340	21	341	341	0
ATCC_25922__202309	hac	50	D	INDEL	17	1.000000	0.936288	0.967096	14.827494	361	338	23	339	339	0
ATCC_25922__202309	hac	50	D	INDEL	18	1.000000	0.936288	0.967096	14.827494	361	338	23	339	339	0
ATCC_25922__202309	hac	50	D	INDEL	19	1.000000	0.927978	0.962644	14.276366	361	335	26	336	336	0
ATCC_25922__202309	hac	50	D	INDEL	20	1.000000	0.911357	0.953623	13.336990	361	329	32	329	329	0
ATCC_25922__202309	hac	50	D	INDEL	21	1.000000	0.891967	0.942899	12.433558	361	322	39	322	322	0
ATCC_25922__202309	hac	50	D	INDEL	22	1.000000	0.867036	0.928783	11.474185	361	313	48	313	313	0
ATCC_25922__202309	hac	50	D	INDEL	23	1.000000	0.853186	0.920777	11.011501	361	308	53	308	308	0
ATCC_25922__202309	hac	50	D	INDEL	24	1.000000	0.836565	0.911011	10.506616	361	302	59	302	302	0
ATCC_25922__202309	hac	50	D	INDEL	25	1.000000	0.822715	0.902736	10.120461	361	297	64	297	297	0
ATCC_25922__202309	hac	50	D	INDEL	26	1.000000	0.800554	0.889231	9.555809	361	289	72	289	289	0
ATCC_25922__202309	hac	50	D	INDEL	27	1.000000	0.772853	0.871875	8.923663	361	279	82	279	279	0
ATCC_25922__202309	hac	50	D	INDEL	28	1.000000	0.745152	0.853968	8.355528	361	269	92	269	269	0
ATCC_25922__202309	hac	50	D	INDEL	29	1.000000	0.722992	0.839228	7.937905	361	261	100	261	261	0
ATCC_25922__202309	hac	50	D	INDEL	30	1.000000	0.686981	0.814450	7.315388	361	248	113	248	248	0
ATCC_25922__202309	hac	50	D	INDEL	31	1.000000	0.656510	0.792642	6.832796	361	237	124	237	237	0
ATCC_25922__202309	hac	50	D	INDEL	32	1.000000	0.631579	0.774194	6.462636	361	228	133	228	228	0
ATCC_25922__202309	hac	50	D	INDEL	33	1.000000	0.609418	0.757315	6.149570	361	220	141	220	220	0
ATCC_25922__202309	hac	50	D	INDEL	34	1.000000	0.592798	0.744348	5.923505	361	214	147	214	214	0
ATCC_25922__202309	hac	50	D	INDEL	35	1.000000	0.573407	0.728873	5.668275	361	207	154	207	207	0
ATCC_25922__202309	hac	50	D	INDEL	36	1.000000	0.562327	0.719858	5.526219	361	203	158	203	203	0
ATCC_25922__202309	hac	50	D	INDEL	37	1.000000	0.554017	0.713013	5.421371	361	200	161	200	200	0
ATCC_25922__202309	hac	50	D	INDEL	38	1.000000	0.540166	0.701439	5.249667	361	195	166	195	195	0
ATCC_25922__202309	hac	50	D	INDEL	39	1.000000	0.526316	0.689655	5.081555	361	190	171	190	190	0
ATCC_25922__202309	hac	50	D	INDEL	40	1.000000	0.509695	0.675229	4.884233	361	184	177	184	184	0
ATCC_25922__202309	hac	50	D	INDEL	41	1.000000	0.487535	0.655493	4.628025	361	176	185	176	176	0
ATCC_25922__202309	hac	50	D	INDEL	42	1.000000	0.473684	0.642857	4.471581	361	171	190	171	171	0
ATCC_25922__202309	hac	50	D	INDEL	43	1.000000	0.465374	0.635161	4.378983	361	168	193	168	168	0
ATCC_25922__202309	hac	50	D	INDEL	44	1.000000	0.432133	0.603482	4.017366	361	156	205	156	156	0
ATCC_25922__202309	hac	50	D	INDEL	45	1.000000	0.382271	0.553106	3.497957	361	138	223	138	138	0
ATCC_25922__202309	hac	50	D	INDEL	46	1.000000	0.340720	0.508264	3.082684	361	123	238	123	123	0
ATCC_25922__202309	hac	50	D	INDEL	47	1.000000	0.315789	0.480000	2.839967	361	114	247	114	114	0
ATCC_25922__202309	hac	50	D	INDEL	48	1.000000	0.257618	0.409692	2.289211	361	93	268	93	93	0
ATCC_25922__202309	hac	50	D	INDEL	49	1.000000	0.224377	0.366516	1.982643	361	81	280	81	81	0
ATCC_25922__202309	hac	50	D	INDEL	50	1.000000	0.180055	0.305164	1.581179	361	65	296	65	65	0
ATCC_25922__202309	hac	50	D	INDEL	51	1.000000	0.141274	0.247573	1.235355	361	51	310	51	51	0
ATCC_25922__202309	hac	50	D	INDEL	52	1.000000	0.108033	0.195000	0.942041	361	39	322	39	39	0
ATCC_25922__202309	hac	50	D	INDEL	53	1.000000	0.085873	0.158163	0.747721	361	31	330	31	31	0
ATCC_25922__202309	hac	50	D	INDEL	54	1.000000	0.049861	0.094987	0.433451	361	18	343	18	18	0
ATCC_25922__202309	hac	50	D	INDEL	55	1.000000	0.016620	0.032698	0.144377	361	6	355	6	6	0
ATCC_25922__202309	hac	50	D	INDEL	56	1.000000	0.013850	0.027322	0.120311	361	5	356	5	5	0
ATCC_25922__202309	hac	50	D	INDEL	57	1.000000	0.002770	0.005525	0.024061	361	1	360	1	1	0
ATCC_25922__202309	hac	50	D	INDEL	58	1.000000	0.002770	0.005525	0.024061	361	1	360	1	1	0
ATCC_25922__202309	hac	50	D	INDEL	59	1.000000	0.000000	0.000000	0.000000	361	0	361	0	0	0
ATCC_25922__202309	hac	50	D	INDEL	60	1.000000	0.000000	0.000000	0.000000	361	0	361	0	0	0
ATCC_25922__202309	hac	50	D	ALL	0	0.999590	0.997343	0.998465	28.139257	4892	4879	13	4880	4878	2
ATCC_25922__202309	hac	50	D	ALL	1	0.999590	0.997343	0.998465	28.139257	4892	4879	13	4880	4878	2
ATCC_25922__202309	hac	50	D	ALL	2	0.999590	0.997343	0.998465	28.139257	4892	4879	13	4880	4878	2
ATCC_25922__202309	hac	50	D	ALL	3	0.999590	0.997343	0.998465	28.139257	4892	4879	13	4880	4878	2
ATCC_25922__202309	hac	50	D	ALL	4	0.999795	0.996934	0.998362	27.857822	4892	4877	15	4877	4876	1
ATCC_25922__202309	hac	50	D	ALL	5	0.999795	0.996934	0.998362	27.857822	4892	4877	15	4877	4876	1
ATCC_25922__202309	hac	50	D	ALL	6	0.999795	0.996525	0.998157	27.345366	4892	4875	17	4875	4874	1
ATCC_25922__202309	hac	50	D	ALL	7	0.999795	0.996321	0.998055	27.110096	4892	4874	18	4874	4873	1
ATCC_25922__202309	hac	50	D	ALL	8	0.999795	0.995912	0.997849	26.674534	4892	4872	20	4872	4871	1
ATCC_25922__202309	hac	50	D	ALL	9	0.999794	0.994481	0.997131	25.421957	4892	4865	27	4865	4864	1
ATCC_25922__202309	hac	50	D	ALL	10	0.999794	0.994072	0.996925	25.121460	4892	4863	29	4863	4862	1
ATCC_25922__202309	hac	50	D	ALL	11	0.999794	0.994072	0.996925	25.121460	4892	4863	29	4863	4862	1
ATCC_25922__202309	hac	50	D	ALL	12	0.999794	0.991415	0.995587	23.552299	4892	4850	42	4850	4849	1
ATCC_25922__202309	hac	50	D	ALL	13	0.999793	0.989370	0.994555	22.639685	4892	4840	52	4840	4839	1
ATCC_25922__202309	hac	50	D	ALL	14	0.999793	0.988962	0.994348	22.477924	4892	4838	54	4838	4837	1
ATCC_25922__202309	hac	50	D	ALL	15	0.999793	0.987939	0.993831	22.097795	4892	4833	59	4833	4832	1
ATCC_25922__202309	hac	50	D	ALL	16	0.999793	0.987326	0.993520	21.884584	4892	4830	62	4830	4829	1
ATCC_25922__202309	hac	50	D	ALL	17	0.999793	0.986100	0.992899	21.486805	4892	4824	68	4824	4823	1
ATCC_25922__202309	hac	50	D	ALL	18	0.999793	0.985487	0.992588	21.300671	4892	4821	71	4821	4820	1
ATCC_25922__202309	hac	50	D	ALL	19	0.999792	0.984260	0.991965	20.950333	4892	4815	77	4815	4814	1
ATCC_25922__202309	hac	50	D	ALL	20	0.999792	0.980581	0.990093	20.040524	4892	4797	95	4798	4797	1
ATCC_25922__202309	hac	50	D	ALL	21	0.999791	0.978332	0.988945	19.564463	4892	4786	106	4787	4786	1
ATCC_25922__202309	hac	50	D	ALL	22	0.999790	0.973835	0.986642	18.742510	4892	4764	128	4765	4764	1
ATCC_25922__202309	hac	50	D	ALL	23	0.999790	0.970973	0.985171	18.288765	4892	4750	142	4751	4750	1
ATCC_25922__202309	hac	50	D	ALL	24	0.999789	0.968111	0.983695	17.876831	4892	4736	156	4737	4736	1
ATCC_25922__202309	hac	50	D	ALL	25	0.999789	0.966271	0.982744	17.630684	4892	4727	165	4728	4727	1
ATCC_25922__202309	hac	50	D	ALL	26	0.999788	0.963818	0.981474	17.322138	4892	4715	177	4716	4715	1
ATCC_25922__202309	hac	50	D	ALL	27	0.999787	0.960752	0.979881	16.963959	4892	4700	192	4701	4700	1
ATCC_25922__202309	hac	50	D	ALL	28	0.999786	0.957277	0.978070	16.589642	4892	4683	209	4684	4683	1
ATCC_25922__202309	hac	50	D	ALL	29	0.999786	0.954211	0.976467	16.283218	4892	4668	224	4669	4668	1
ATCC_25922__202309	hac	50	D	ALL	30	0.999785	0.949509	0.973999	15.850054	4892	4645	247	4646	4645	1
ATCC_25922__202309	hac	50	D	ALL	31	0.999784	0.944808	0.971519	15.454392	4892	4622	270	4623	4622	1
ATCC_25922__202309	hac	50	D	ALL	32	0.999783	0.939902	0.968918	15.074905	4892	4598	294	4599	4598	1
ATCC_25922__202309	hac	50	D	ALL	33	0.999782	0.936018	0.966850	14.795123	4892	4579	313	4580	4579	1
ATCC_25922__202309	hac	50	D	ALL	34	0.999781	0.932952	0.965211	14.585570	4892	4564	328	4565	4564	1
ATCC_25922__202309	hac	50	D	ALL	35	0.999780	0.930294	0.963786	14.411293	4892	4551	341	4552	4551	1
ATCC_25922__202309	hac	50	D	ALL	36	0.999780	0.928455	0.962798	14.294344	4892	4542	350	4543	4542	1
ATCC_25922__202309	hac	50	D	ALL	37	0.999779	0.926615	0.961808	14.180252	4892	4533	359	4534	4533	1
ATCC_25922__202309	hac	50	D	ALL	38	0.999778	0.922527	0.959600	13.936209	4892	4513	379	4514	4513	1
ATCC_25922__202309	hac	50	D	ALL	39	0.999778	0.918847	0.957605	13.726897	4892	4495	397	4496	4495	1
ATCC_25922__202309	hac	50	D	ALL	40	0.999777	0.916394	0.956271	13.592340	4892	4483	409	4484	4483	1
ATCC_25922__202309	hac	50	D	ALL	41	0.999775	0.909853	0.952697	13.251111	4892	4451	441	4452	4451	1
ATCC_25922__202309	hac	50	D	ALL	42	0.999774	0.905151	0.950113	13.020095	4892	4428	464	4429	4428	1
ATCC_25922__202309	hac	50	D	ALL	43	0.999773	0.899428	0.946949	12.753089	4892	4400	492	4401	4400	1
ATCC_25922__202309	hac	50	D	ALL	44	0.999771	0.891660	0.942626	12.412827	4892	4362	530	4363	4362	1
ATCC_25922__202309	hac	50	D	ALL	45	0.999768	0.881030	0.936651	11.982606	4892	4310	582	4311	4310	1
ATCC_25922__202309	hac	50	D	ALL	46	0.999766	0.871832	0.931426	11.638412	4892	4265	627	4266	4265	1
ATCC_25922__202309	hac	50	D	ALL	47	0.999762	0.859362	0.924261	11.206789	4892	4204	688	4205	4204	1
ATCC_25922__202309	hac	50	D	ALL	48	0.999756	0.838103	0.911820	10.546313	4892	4100	792	4101	4100	1
ATCC_25922__202309	hac	50	D	ALL	49	0.999749	0.815004	0.897973	9.912848	4892	3987	905	3988	3987	1
ATCC_25922__202309	hac	50	D	ALL	50	0.999738	0.779027	0.875689	9.054915	4892	3811	1081	3812	3811	1
ATCC_25922__202309	hac	50	D	ALL	51	0.999725	0.742232	0.851947	8.295840	4892	3631	1261	3632	3631	1
ATCC_25922__202309	hac	50	D	ALL	52	0.999705	0.692559	0.818259	7.405462	4892	3388	1504	3389	3388	1
ATCC_25922__202309	hac	50	D	ALL	53	0.999684	0.646566	0.785253	6.680732	4892	3163	1729	3164	3163	1
ATCC_25922__202309	hac	50	D	ALL	54	0.999650	0.583810	0.737127	5.802547	4892	2856	2036	2857	2856	1
ATCC_25922__202309	hac	50	D	ALL	55	0.999598	0.508585	0.674163	4.870001	4892	2488	2404	2489	2488	1
ATCC_25922__202309	hac	50	D	ALL	56	0.999539	0.443377	0.614274	4.137206	4892	2169	2723	2170	2169	1
ATCC_25922__202309	hac	50	D	ALL	57	0.999428	0.356909	0.525983	3.242059	4892	1746	3146	1747	1746	1
ATCC_25922__202309	hac	50	D	ALL	58	0.999274	0.281276	0.438985	2.510259	4892	1376	3516	1377	1376	1
ATCC_25922__202309	hac	50	D	ALL	59	1.000000	0.196443	0.328379	1.728755	4892	961	3931	961	961	0
ATCC_25922__202309	hac	50	D	ALL	60	1.000000	0.137572	0.241869	1.202556	4892	673	4219	673	673	0
